Compositeur;Titre;date de la premiere;lieu de la premiere;coordonnées;langue de l'opéra;image
Jacopo Peri;Euridice;1600-10-06;palais Pitti;43.765,11.25;italien;
Giulio Caccini;Euridice;1602-12-05;palais Pitti;43.765,11.25;italien;
Claudio Monteverdi;L'Arianna;1608-05-25;Palazzo Ducale;45.159722,10.798611;italien;
Claudio Monteverdi;Il ritorno d'Ulisse in patria;1639-01-01;Teatro San Cassiano;45.439675,12.33208889;italien;http://commons.wikimedia.org/wiki/Special:FilePath/Claudio%20Monteverdi%20-%20Il%20ritorno%20d%27Ulisse%20in%20patria%20-%20title%20page%20of%20the%20libretto%20-%20Venice%201641.png
Francesco Cavalli;Il Giasone;1649-01-05;Teatro San Cassiano;45.439675,12.33208889;italien;
Jean-Baptiste Lully;Atys;1676-01-10;château de Saint-Germain-en-Laye;48.898055555,2.096388888;français;http://commons.wikimedia.org/wiki/Special:FilePath/Atys%20by%20Jean-Baptiste%20Lully.png
Jean-Baptiste Lully;Armide;1686-02-15;Paris;48.856577777,2.351827777;français;http://commons.wikimedia.org/wiki/Special:FilePath/Armide%20Portada.jpg
Jean-Baptiste Lully;Armide;1686-02-15;théâtre du Palais-Royal;48.8662,2.337638888;français;http://commons.wikimedia.org/wiki/Special:FilePath/Armide%20Portada.jpg
Henry Purcell;Dioclesian;1690-01-01;théâtre de Dorset Garden;51.5142,-0.108056;anglais;
Henry Purcell;The Fairy Queen;1692-05-02;théâtre de Dorset Garden;51.5142,-0.108056;anglais;http://commons.wikimedia.org/wiki/Special:FilePath/The%20Fairy-Queen2.gif
Marc-Antoine Charpentier;Médée;1693-12-04;opéra de Paris;48.8719697,2.3316014;français;http://commons.wikimedia.org/wiki/Special:FilePath/Marc-Antoine%20Charpentier%20-%20M%C3%A9d%C3%A9e%20-%20title%20page%20of%20the%20libretto%20-%20Paris%201693.png
Henry Purcell;The Indian Queen;1695-01-01;théâtre de Drury Lane;51.5128,-0.120556;anglais;
André Campra;Iphigénie en Tauride;1704-05-06;opéra de Paris;48.8719697,2.3316014;français;http://commons.wikimedia.org/wiki/Special:FilePath/Iphigenie%20grav.jpg
Henry Desmarest;Iphigénie en Tauride;1704-05-06;opéra de Paris;48.8719697,2.3316014;français;http://commons.wikimedia.org/wiki/Special:FilePath/Iphigenie%20grav.jpg
Georg Friedrich Haendel;Almira;1705-01-08;Oper am Gänsemarkt;53.555,9.98833333;allemand;http://commons.wikimedia.org/wiki/Special:FilePath/George%20Frideric%20Handel%20by%20Balthasar%20Denner.jpg
Antonio Caldara;Il più bel nome;1708-08-02;Loge de mer de Barcelone;41.3822,2.1825;italien;
Tomaso Albinoni;Pimpinone;1708-11-26;Teatro San Cassiano;45.439675,12.33208889;italien;
André Campra;Les Fêtes vénitiennes;1710-06-17;opéra de Paris;48.8719697,2.3316014;français;
Georg Friedrich Haendel;Rinaldo;1711-02-24;Her Majesty's Theatre;51.5081,-0.132;italien;http://commons.wikimedia.org/wiki/Special:FilePath/George%20Frideric%20Handel%20by%20Balthasar%20Denner.jpg
André Campra;Idoménée;1712-01-01;opéra de Paris;48.8719697,2.3316014;français;
Antonio Vivaldi;La Silvia;1721-08-28;Teatro Regio Ducal;45.4632,9.19114;italien;http://commons.wikimedia.org/wiki/Special:FilePath/Vivaldi.jpg
Georg Friedrich Haendel;Giulio Cesare in Egitto;1724-02-20;Her Majesty's Theatre;51.5081,-0.132;italien;http://commons.wikimedia.org/wiki/Special:FilePath/Giulio%20Cesare%20opera.PNG
Tomaso Albinoni;Didone abbandonata;1724-12-26;Teatro San Cassiano;45.439675,12.33208889;italien;
Georg Philipp Telemann;Orpheus;1726-03-09;Oper am Gänsemarkt;53.555,9.98833333;allemand;
Georg Friedrich Haendel;Poro, Re dell'Indie;1731-02-02;Her Majesty's Theatre;51.5081,-0.132;italien;
Antonio Caldara;Demofoonte;1733-11-04;Burgtheater;48.210278,16.360833;italien;
Antonio Vivaldi;L'Olimpiade;1734-02-17;Teatro Sant'Angelo;45.435588888,12.33035;italien;
Georg Friedrich Haendel;Ariodante;1735-01-08;Royal Opera House;51.512891666,-0.122766666;italien;http://commons.wikimedia.org/wiki/Special:FilePath/Front%20page%20Ariodante.jpg
André Campra;Achille et Déidamie;1735-02-24;opéra de Paris;48.8719697,2.3316014;français;
Jean-Philippe Rameau;Les Indes galantes;1735-08-23;opéra de Paris;48.8719697,2.3316014;français;http://commons.wikimedia.org/wiki/Special:FilePath/1736%20Les%20Indes%20Galantes.png
Georg Friedrich Haendel;Arminio;1737-01-12;Royal Opera House;51.512891666,-0.122766666;italien;http://commons.wikimedia.org/wiki/Special:FilePath/Georg%20Friedrich%20H%C3%A4ndel%20-%20Arminio%20-%20title%20page%20of%20the%20score%20-%20London%201737.png
Georg Friedrich Haendel;Faramondo;1738-01-03;Her Majesty's Theatre;51.5081,-0.132;italien;
Georg Friedrich Haendel;Serse;1738-04-14;Her Majesty's Theatre;51.5081,-0.132;italien;http://commons.wikimedia.org/wiki/Special:FilePath/George%20Frideric%20Handel%20by%20Balthasar%20Denner.jpg
Georg Friedrich Haendel;Giove in Argo;1739-05-01;Her Majesty's Theatre;51.5081,-0.132;italien;
Jean-Philippe Rameau;Dardanus;1739-11-19;opéra de Paris;48.8719697,2.3316014;français;
Johann Christian Bach;Alessandro nell'Indie;1762-01-20;Teatro San Carlo;40.8375,14.249444444;italien;
Christoph Willibald Gluck;Orphée et Eurydice;1762-10-05;Burgtheater;48.210278,16.360833;italien;
Tommaso Traetta;Ifigenia in Tauride;1763-10-04;château de Schönbrunn;48.18479,16.31227;italien;
Johann Christian Bach;Adriano in Siria;1765-01-26;Haymarket Theatre;51.5086,-0.131667;italien;
Pierre-Alexandre Monsigny;Aline, reine de Golconde;1766-04-10;salle des Machines;48.863,2.33205;français;
Josef Mysliveček;Il trionfo di Clelia;1767-12-26;Teatro Regio;45.070555555,7.687777777;italien;
Niccolò Vito Piccinni;Didone abbandonata;1770-01-08;Teatro Argentina;41.89558333,12.47616667;italien;
Josef Mysliveček;La Nitteti;1770-04-29;Teatro comunale;44.496389,11.350556;italien;
Christoph Willibald Gluck;Pâris et Hélène;1770-11-03;Burgtheater;48.210278,16.360833;italien;
Antonio Salieri;La secchia rapita;1772-10-21;Burgtheater;48.210278,16.360833;italien;
Josef Mysliveček;Romolo ed Ersilia;1773-08-13;Teatro San Carlo;40.8375,14.249444444;italien;
Josef Mysliveček;La clemenza di Tito;1773-12-26;Teatro San Benedetto;45.435472222,12.3325;italien;
Wolfgang Amadeus Mozart;La finta giardiniera;1775-01-13;Théâtre national;48.139722222,11.578888888;italien;
Giovanni Paisiello;Il Socrate immaginario;1775-10-01;Teatro Nuovo;43.9827554,12.4906356;italien;
Christoph Willibald Gluck;Orphée et Euridice;1776-08-02;opéra de Paris;48.8719697,2.3316014;français;
Christoph Willibald Gluck;Armide;1777-09-23;opéra de Paris;48.8719697,2.3316014;français;http://commons.wikimedia.org/wiki/Special:FilePath/Jean-Honor%C3%A9%20Fragonard%20022.jpg
André Grétry;Le jugement de Midas;1778-03-28;Palais-Royal;48.863333333,2.336944444;français;
Michele Mortellari;Troia distrutta;1778-09-01;La Scala;45.467777777,9.188611111;;
Josef Mysliveček;L'Olimpiade;1778-11-04;Teatro San Carlo;40.8375,14.249444444;italien;
Joseph Haydn;L'isola disabitata;1779-12-06;palais Esterházy;48.2097,16.3669;italien;
Johann Christian Bach;Amadis de Gaule;1779-12-14;opéra de Paris;48.8719697,2.3316014;français;
Giuseppe Sarti;Giulio Sabino;1781-01-01;Teatro San Benedetto;45.435472222,12.3325;italien;
Niccolò Vito Piccinni;Iphigénie en Tauride;1781-01-23;opéra de Paris;48.8719697,2.3316014;français;
Joseph Haydn;La Fedeltà premiata;1781-02-25;palais Esterházy;47.61944,16.87167;italien;
Giuseppe Sarti;Fra i due litiganti il terzo gode;1782-09-14;La Scala;45.467777777,9.188611111;italien;
Giovanni Paisiello;Il barbiere di Siviglia;1782-09-17;musée de l'Ermitage;59.940556,30.313611;italien;
Antonio Sacchini;Renaud;1783-02-28;opéra de Paris;48.8719697,2.3316014;français;
Antonio Sacchini;Chimène;1783-11-16;château de Fontainebleau;48.402222222,2.700555555;français;
Antonio Salieri;Les Danaïdes;1784-04-26;opéra de Paris;48.8719697,2.3316014;français;
Antonio Sacchini;Dardanus;1784-09-18;château de Versailles;48.804805555,2.120333333;français;
Niccolò Antonio Zingarelli;Alsinda;1785-02-22;La Scala;45.467777777,9.188611111;;
Nicolas Dalayrac;L'Amant statue;1785-08-04;théâtre national de l'Opéra-Comique;48.870861111,2.337511111;français;
Antonio Salieri;La grotta di Trofonio;1785-10-12;Burgtheater;48.210278,16.360833;italien;
Wolfgang Amadeus Mozart;Der Schauspieldirektor;1786-02-07;château de Schönbrunn;48.18479,16.31227;allemand;
Niccolò Antonio Zingarelli;Ifigenia in Aulide;1787-01-27;La Scala;45.467777777,9.188611111;;
Karl Ditters von Dittersdorf;Love in the Madhouse;1787-04-12;Burgtheater;48.210278,16.360833;allemand;
Wolfgang Amadeus Mozart;Don Giovanni;1787-10-29;théâtre des États;50.086111111,14.423888888;italien;http://commons.wikimedia.org/wiki/Special:FilePath/Don%20Juan%20and%20the%20statue%20of%20the%20Commander%20mg%200119.jpg
Luigi Cherubini;Démophoon;1788-12-02;théâtre de la Porte-Saint-Martin;48.869027777,2.356666666;français;
Niccolò Antonio Zingarelli;La morte di Cesare;1790-12-26;La Scala;45.467777777,9.188611111;;
Nicolas Dalayrac;Camille ou le Souterrain;1791-03-19;théâtre national de l'Opéra-Comique;48.870861111,2.337511111;français;
Domenico Cimarosa;Il matrimonio segreto;1792-02-07;Burgtheater;48.210278,16.360833;italien;http://commons.wikimedia.org/wiki/Special:FilePath/1931-Matrimonio-segreto.jpg
Niccolò Antonio Zingarelli;II mercato di Monfregoso;1792-09-22;La Scala;45.467777777,9.188611111;;
Antonio Salieri;Il Mondo alla rovescia;1795-01-13;Burgtheater;48.210278,16.360833;italien;
Simon Mayr;Lodoiska;1796-01-26;La Fenice;45.433333333,12.333055555;;
Niccolò Antonio Zingarelli;Giulietta e Romeo;1796-01-30;La Scala;45.467777777,9.188611111;italien;
Domenico Cimarosa;Gli Orazi e i Curiazi;1796-12-26;La Fenice;45.433333333,12.333055555;italien;
Giuseppe Mosca;I matrimoni liberi;1798-08-25;La Scala;45.467777777,9.188611111;;
Nicolas Dalayrac;Léon ou le Château de Monténéro;1798-10-15;théâtre national de l'Opéra-Comique;48.870861111,2.337511111;français;
Simon Mayr;La Lodoiska;1799-12-26;La Scala;45.467777777,9.188611111;;
Luigi Cherubini;Les Deux Journées;1800-01-16;théâtre Feydeau;48.869841666,2.340055555;français;
François-Adrien Boieldieu;Le Calife de Bagdad;1800-09-16;théâtre national de l'Opéra-Comique;48.870861111,2.337511111;français;
Nicolas Dalayrac;Maison à vendre;1800-10-23;théâtre national de l'Opéra-Comique;48.870861111,2.337511111;français;
Simon Mayr;La due giornate;1801-08-18;La Scala;45.467777777,9.188611111;;
Giuseppe Mosca;La fortunata combinazione;1802-08-17;La Scala;45.467777777,9.188611111;;
Étienne-Nicolas Méhul;Joanna;1802-11-23;Paris;48.856577777,2.351827777;français;
Simon Mayr;Alonso e Cora;1803-12-26;La Scala;45.467777777,9.188611111;;
Vincenzo Federici;Oreste in Tauride;1804-01-27;La Scala;45.467777777,9.188611111;;
Simon Mayr;Eraldo ed Emma;1805-01-08;La Scala;45.467777777,9.188611111;;
Stefano Pavesi;Il trionfo di Emilia;1805-02-09;La Scala;45.467777777,9.188611111;;
Ludwig van Beethoven;Fidelio;1805-11-20;Theater an der Wien;48.199166666,16.363611111;allemand;http://commons.wikimedia.org/wiki/Special:FilePath/Fidelio18140523.jpg
Luigi Cherubini;Faniska;1806-02-25;Theater am Kärntnertor;48.2039,16.3694;allemand;
Simon Mayr;Adelasia ed Aleramo;1806-12-26;La Scala;45.467777777,9.188611111;italien;
Gaspare Spontini;La Vestale;1807-12-15;opéra de Paris;48.8719697,2.3316014;français;
Gaspare Spontini;La Vestale;1807-12-15;opéra de Paris;48.8719697,2.3316014;italien;
Pietro Ray;Alessandro in Armozia;1808-03-06;La Scala;45.467777777,9.188611111;;
Gioachino Rossini;La scala di seta;1812-05-09;Teatro San Moisè;45.433056,12.336111;italien;
Gioachino Rossini;La pietra del paragone;1812-09-26;La Scala;45.467777777,9.188611111;italien;
Gioachino Rossini;L'occasione fa il ladro;1812-11-24;Teatro San Moisè;45.433056,12.336111;italien;
Gioachino Rossini;Il signor Bruschino;1813-01-27;Teatro San Moisè;45.433056,12.336111;italien;
Simon Mayr;La rosa bianca e la rosa rossa;1813-02-21;Teatro di sant'Agostino;44.404722,8.931611;italien;
Luigi Cherubini;Les Abencérages, ou L'Étendard de Grenade;1813-04-06;Paris;48.856577777,2.351827777;français;
Gioachino Rossini;L'italiana in Algeri;1813-05-22;Teatro San Benedetto;45.435472222,12.3325;italien;http://commons.wikimedia.org/wiki/Special:FilePath/1930-Italiana-in-Algeri.jpg
Simon Mayr;Medea in Corinto;1813-11-28;Teatro San Carlo;40.8375,14.249444444;italien;
Gioachino Rossini;Aureliano in Palmira;1813-12-26;La Scala;45.467777777,9.188611111;italien;
Gioachino Rossini;Il turco in Italia;1814-08-14;La Scala;45.467777777,9.188611111;italien;
Gioachino Rossini;Elisabetta, regina d'Inghilterra;1815-10-04;Teatro San Carlo;40.8375,14.249444444;italien;
Carlo Coccia;I begli usi di città;1815-10-11;La Scala;45.467777777,9.188611111;italien;
Gioachino Rossini;Il barbiere di Siviglia;1816-02-20;Teatro Argentina;41.89558333,12.47616667;italien;http://commons.wikimedia.org/wiki/Special:FilePath/Figaro.jpg
Louis Spohr;Faust;1816-09-01;Provisional Theatre;50.080681,14.41358;allemand;
Stefano Pavesi;La gioventù di Cesare;1817-04-07;La Scala;45.467777777,9.188611111;;
Gioachino Rossini;La gazza ladra;1817-05-31;La Scala;45.467777777,9.188611111;italien;http://commons.wikimedia.org/wiki/Special:FilePath/Alessandro%20Sanquirico%20-%20Decor%20for%20Rossinis%20La%20gazza%20ladra.png
Gioachino Rossini;Armida;1817-11-11;Teatro San Carlo;40.8375,14.249444444;italien;
Giacomo Meyerbeer;Semiramide riconosciuta;1819-02-03;Teatro Regio;45.070555555,7.687777777;italien;
Ramón Carnicer;Adele di Lusignano;1819-05-15;Teatre Principal;41.3786,2.17528;italien;
Gaspare Spontini;Olimpie;1819-12-22;opéra de Paris;48.8719697,2.3316014;français;
Gioachino Rossini;Bianca e Falliero;1819-12-26;La Scala;45.467777777,9.188611111;italien;
Giacomo Meyerbeer;Margherita d'Anjou;1820-11-14;La Scala;45.467777777,9.188611111;italien;
Gioachino Rossini;Maometto II;1820-12-03;Teatro San Carlo;40.8375,14.249444444;italien;
Simon Mayr;Fedra;1820-12-26;La Scala;45.467777777,9.188611111;italien;
Ferdinando Paër;Le maître de chapelle;1821-03-29;théâtre Feydeau;48.869841666,2.340055555;français;
Carl Maria von Weber;Der Freischütz;1821-06-18;Konzerthaus de Berlin;52.513611,13.392222;allemand;http://commons.wikimedia.org/wiki/Special:FilePath/Der%20Freisch%C3%BCtz%20um%201822.jpg
Ramón Carnicer;Elena e Costantino;1821-07-16;Teatre Principal;41.3786,2.17528;italien;
Saverio Mercadante;Elisa e Claudio;1821-10-30;La Scala;45.467777777,9.188611111;italien;
Ramón Carnicer;Don Giovanni Tenorio;1822-06-20;Teatre Principal;41.3786,2.17528;;
Saverio Mercadante;Adele ed Emerico;1822-09-21;La Scala;45.467777777,9.188611111;italien;
Gaetano Donizetti;Chiara e Serafina;1822-10-26;La Scala;45.467777777,9.188611111;italien;
Simon Mayr;Demetrio;1823-12-27;Teatro Regio;45.070555555,7.687777777;italien;
Michele Carafa;La Belle au bois dormant;1825-03-02;opéra de Paris;48.8719697,2.3316014;français;
Carl Maria von Weber;Oberon;1826-04-12;Royal Opera House;51.512891666,-0.122766666;anglais;
Gioachino Rossini;Ivanhoé;1826-09-15;théâtre de l'Odéon;48.8495,2.33875;français;
Vincenzo Bellini;Il pirata;1827-10-27;La Scala;45.467777777,9.188611111;italien;
Vincenzo Bellini;La straniera;1829-02-14;La Scala;45.467777777,9.188611111;italien;
Vincenzo Bellini;Zaira;1829-05-16;Teatro Regio;44.803055555,10.327222222;italien;
Daniel François Esprit Auber;Fra Diavolo;1830-01-28;théâtre national de l'Opéra-Comique;48.870861111,2.337511111;français;
Albert Guillon;Maria di Brabante;1830-02-25;La Fenice;45.433333333,12.333055555;italien;
Vincenzo Bellini;I Capuleti e i Montecchi;1830-03-11;La Fenice;45.433333333,12.333055555;italien;
Ramón Carnicer;Cristóforo Colombo;1831-01-12;Madrid;40.418888888,-3.691944444;italien;
Ramón Carnicer;Cristóforo Colombo;1831-01-12;Madrid;40.418888888,-3.691944444;espagnol;
Gaetano Donizetti;Le convenienze ed inconvenienze teatrali;1831-04-20;Teatro Nuovo;43.9827554,12.4906356;italien;
Giacomo Meyerbeer;Robert le Diable;1831-11-21;opéra de Paris;48.8719697,2.3316014;français;
Vincenzo Bellini;Norma;1831-12-26;La Scala;45.467777777,9.188611111;italien;http://commons.wikimedia.org/wiki/Special:FilePath/Bellin-Norma%20poster%20for%201831%20premiere.jpg
Gaetano Donizetti;Ugo, Conte di Parigi;1832-03-13;La Scala;45.467777777,9.188611111;italien;
Gaetano Donizetti;L'elisir d'amore;1832-05-12;Teatro Lirico;45.46149722,9.19182222;italien;http://commons.wikimedia.org/wiki/Special:FilePath/L%27elisir%20d%27amore%20poster.jpg
Saverio Mercadante;Ismalia;1832-10-27;La Scala;45.467777777,9.188611111;italien;
Ramón Carnicer;Eufemio di Messina;1832-12-14;Madrid;40.418888888,-3.691944444;;
Vincenzo Bellini;Beatrice di Tenda;1833-03-16;La Fenice;45.433333333,12.333055555;italien;http://commons.wikimedia.org/wiki/Special:FilePath/Beatrice%20di%20Tenda-poster%20for%20premiere.jpg
Heinrich Marschner;Hans Heiling;1833-05-24;Staatsoper Unter den Linden;52.516666666,13.395;allemand;
Alessandro Gandini;Maria di Brabante;1833-10-29;Teatro comunale Luciano Pavarotti;44.64785833,10.92920278;italien;
Gaetano Donizetti;Lucrezia Borgia;1833-12-26;La Scala;45.467777777,9.188611111;italien;http://commons.wikimedia.org/wiki/Special:FilePath/Fr%C3%A9d%C3%A9ric%20Lema%C3%AEtre%20in%20Lucrezia%20Borgia.jpg
Saverio Mercadante;Emma d'Antiochia;1834-03-08;La Fenice;45.433333333,12.333055555;italien;
Adolphe Adam;Le Chalet;1834-09-25;théâtre national de l'Opéra-Comique;48.870861111,2.337511111;français;
Saverio Mercadante;La gioventù di Enrico V;1834-11-25;La Scala;45.467777777,9.188611111;italien;
Jacques-Fromental Halévy;La Juive;1835-02-23;opéra de Paris;48.8719697,2.3316014;français;
Gaetano Donizetti;Lucia di Lammermoor;1835-09-26;Teatro San Carlo;40.8375,14.249444444;italien;http://commons.wikimedia.org/wiki/Special:FilePath/Fanny%20Tacchinardi%20Persiani.jpg
Jacques-Fromental Halévy;L’éclair;1835-12-16;théâtre national de l'Opéra-Comique;48.870861111,2.337511111;français;
Giacomo Meyerbeer;Les Huguenots;1836-02-29;opéra Le Peletier;48.872929,2.338972;français;http://commons.wikimedia.org/wiki/Special:FilePath/Les%20Huguenots%20-%20vocal%20score%20cover%20-%20Macquet%20reprint%20%28after%201888%29%20IMSLP72250.jpg
Saverio Mercadante;Il giuramento;1837-03-11;La Scala;45.467777777,9.188611111;italien;
Daniel François Esprit Auber;Le Domino noir;1837-12-02;théâtre national de l'Opéra-Comique;48.870861111,2.337511111;français;
Hector Berlioz;Benvenuto Cellini;1838-09-10;opéra de Paris;48.8719697,2.3316014;français;http://commons.wikimedia.org/wiki/Special:FilePath/Poster%20for%201st%20performance%20%2810%20Sept%201838%29%20of%20Benvenuto%20Cellini%20by%20Berlioz%20-%20Holoman%20p191.jpg
Hector Berlioz;Benvenuto Cellini;1838-09-10;opéra de Paris;48.8719697,2.3316014;français;http://commons.wikimedia.org/wiki/Special:FilePath/08.05.1969.%20D%C3%A9cors%20et%20spectacle%20%22Benvenito%20cellini%22.%20%281969%29%20-%2053Fi3977%20%28cropped%29.jpg
Giuseppe Verdi;Oberto, conte di San Bonifacio;1839-11-17;La Scala;45.467777777,9.188611111;italien;http://commons.wikimedia.org/wiki/Special:FilePath/Verdi%20-%20Oberto%20-%20titlepage%20of%20the%20libretto%20-%20Milan%201839.png
Gaetano Donizetti;La Fille du régiment;1840-02-11;théâtre national de l'Opéra-Comique;48.870861111,2.337511111;français;http://commons.wikimedia.org/wiki/Special:FilePath/La%20fille%20du%20regiment%201910%20poster.jpg
Giuseppe Verdi;Un giorno di regno;1840-09-05;La Scala;45.467777777,9.188611111;italien;
Giuseppe Verdi;Nabucco;1842-03-09;La Scala;45.467777777,9.188611111;italien;http://commons.wikimedia.org/wiki/Special:FilePath/Nabucco.jpg
Richard Wagner;Der Fliegende Holländer;1843-01-02;Semperoper;51.054444444,13.735277777;allemand;http://commons.wikimedia.org/wiki/Special:FilePath/RichardWagner.jpg
Daniel François Esprit Auber;La Part du diable;1843-01-16;théâtre national de l'Opéra-Comique;48.870861111,2.337511111;français;
Giuseppe Verdi;I Lombardi alla prima crociata;1843-02-11;La Scala;45.467777777,9.188611111;italien;
Alberto Mazzucato;Luigi V, re di Francia;1843-02-25;Teatro Re;45.4651,9.18933;italien;http://commons.wikimedia.org/wiki/Special:FilePath/Title%20page%20of%20Luigi%20V%2C%20re%20di%20Francia%20%28Alberto%20Mazzucato%29.jpg
Michael William Balfe;The Bohemian Girl;1843-11-27;Her Majesty's Theatre;51.5081,-0.132;anglais;http://commons.wikimedia.org/wiki/Special:FilePath/Title%20page%20of%20The%20Bohemian%20Girl.JPG
Gaetano Donizetti;Caterina Cornaro;1844-01-18;Teatro San Carlo;40.8375,14.249444444;italien;
Adolphe Adam;Cagliostro;1844-02-10;théâtre national de l'Opéra-Comique;48.870861111,2.337511111;français;
Giuseppe Verdi;Ernani;1844-03-09;La Fenice;45.433333333,12.333055555;italien;
Giuseppe Verdi;I due Foscari;1844-11-03;Teatro Argentina;41.89558333,12.47616667;italien;
Giuseppe Verdi;Alzira;1845-02-12;Teatro San Carlo;40.8375,14.249444444;italien;http://commons.wikimedia.org/wiki/Special:FilePath/Giuseppe%20Verdi%20-%20Alzira%20-%20titlepage%20of%20the%20libretto%20-%20Naples%201845.png
Richard Wagner;Tannhäuser;1845-10-19;Semperoper;51.054444444,13.735277777;allemand;http://commons.wikimedia.org/wiki/Special:FilePath/Wagner%20Tannh%C3%A4user%201845.jpg
Giuseppe Verdi;Attila;1846-03-17;La Fenice;45.433333333,12.333055555;italien;http://commons.wikimedia.org/wiki/Special:FilePath/Illustrated%20London%20News%20-%20Giuseppe%20Verdi%27s%20Attila%20at%20Her%20Majesty%27s%20Theatre%2C%20London.jpg
Giuseppe Verdi;I masnadieri;1847-07-22;Her Majesty's Theatre;51.5081,-0.132;italien;
Friedrich von Flotow;Martha;1847-11-25;Theater am Kärntnertor;48.2039,16.3694;allemand;
Daniel François Esprit Auber;Haydée;1847-12-28;théâtre national de l'Opéra-Comique;48.870861111,2.337511111;français;
Giuseppe Verdi;Il corsaro;1848-10-25;Teatro Verdi;45.6509,13.7687;italien;
Ambroise Thomas;Le Caïd;1849-01-03;théâtre national de l'Opéra-Comique;48.870861111,2.337511111;français;
Giuseppe Verdi;La battaglia di Legnano;1849-01-27;Teatro Argentina;41.89558333,12.47616667;italien;
Adolphe Adam;Le toréador;1849-05-18;théâtre national de l'Opéra-Comique;48.870861111,2.337511111;français;
Giuseppe Verdi;Luisa Miller;1849-12-08;Teatro San Carlo;40.8375,14.249444444;italien;http://commons.wikimedia.org/wiki/Special:FilePath/Luisa%20Miller%20Illustration%20Ricordi.jpg
Richard Wagner;Lohengrin;1850-08-28;théâtre national allemand;50.97956111,11.32468333;allemand;http://commons.wikimedia.org/wiki/Special:FilePath/August%20von%20Heckel%20Lohengrin.jpg
Richard Wagner;Lohengrin;1850-08-28;théâtre national allemand;50.9796,11.3247;allemand;http://commons.wikimedia.org/wiki/Special:FilePath/August%20von%20Heckel%20Lohengrin.jpg
Saverio Mercadante;Medea;1851-03-01;Teatro San Carlo;40.8375,14.249444444;italien;
Giuseppe Verdi;Rigoletto;1851-03-11;La Fenice;45.433333333,12.333055555;italien;http://commons.wikimedia.org/wiki/Special:FilePath/Rigoletto%20premiere%20poster.jpg
Adolphe Adam;Si j'étais roi;1852-09-04;Théâtre-Lyrique;48.867486,2.364964;français;
Victor Massé;Les Noces de Jeannette;1853-02-04;Paris;48.856577777,2.351827777;français;
Emilio Arrieta;El dominó azul;1853-02-19;Teatro del Circo;40.420215,-3.696438;espagnol;
Giuseppe Verdi;La traviata;1853-03-06;La Fenice;45.433333333,12.333055555;italien;http://commons.wikimedia.org/wiki/Special:FilePath/Traviata.jpg
Jacques Offenbach;Pépito;1853-10-28;théâtre des Variétés;48.871111111,2.341944444;français;
Giuseppe Verdi;Les Vêpres siciliennes;1855-06-13;opéra de Paris;48.8719697,2.3316014;français;http://commons.wikimedia.org/wiki/Special:FilePath/Vesper2.jpg
Giuseppe Verdi;Les Vêpres siciliennes;1855-06-13;opéra de Paris;48.8719697,2.3316014;italien;http://commons.wikimedia.org/wiki/Special:FilePath/Vesper2.jpg
Jacques Offenbach;Les Deux Aveugles;1855-07-05;théâtre des Bouffes-Parisiens;48.869166666,2.335555555;français;http://commons.wikimedia.org/wiki/Special:FilePath/Les%20deux%20aveugles%201855%20vocal%20score%20cover%20by%20Loire%20-%20Gallica.jpg
Jacques Offenbach;Tromb-al-ca-zar ou les Criminels dramatiques;1855-07-05;théâtre des Bouffes-Parisiens;48.869166666,2.335555555;français;http://commons.wikimedia.org/wiki/Special:FilePath/Tromb-Al-Ca-Zar%20Quadrille.JPEG
Jacques Offenbach;Une nuit blanche;1855-07-05;théâtre des Bouffes-Parisiens;48.869166666,2.335555555;français;http://commons.wikimedia.org/wiki/Special:FilePath/Offenbach%20Jaques%20Luckhardt.png
Jacques Offenbach;Le Rêve d'une nuit d'été;1855-07-30;théâtre des Bouffes-Parisiens;48.869166666,2.335555555;français;http://commons.wikimedia.org/wiki/Special:FilePath/Offenbach%20Jaques%20Luckhardt.png
Jacques Offenbach;Le Violoneux;1855-08-31;théâtre des Bouffes-Parisiens;48.869166666,2.335555555;français;http://commons.wikimedia.org/wiki/Special:FilePath/Offenbach-le-violoneux.jpg
Jacques Offenbach;Ba-ta-clan;1855-12-29;théâtre des Bouffes-Parisiens;48.869166666,2.335555555;français;http://commons.wikimedia.org/wiki/Special:FilePath/Offenbach-Bataclan.jpg
Daniel François Esprit Auber;Manon Lescaut;1856-02-23;théâtre national de l'Opéra-Comique;48.870861111,2.337511111;français;
Alexandre Dargomyjski;La Roussalka;1856-05-16;théâtre Mariinsky;59.925555555,30.296111111;russe;http://commons.wikimedia.org/wiki/Special:FilePath/Chaliapin%20F.%20%28%D0%A8%D0%B0%D0%BB%D1%8F%D0%BF%D0%B8%D0%BD%20%D0%A4.%20%D0%98.%29%201916%20as%20melnik%20in%20Rusalka.jpg
Jacques Offenbach;La Rose de Saint-Flour;1856-06-12;théâtre des Bouffes-Parisiens;48.869166666,2.335555555;français;
Jacques Offenbach;Le 66;1856-07-31;théâtre des Bouffes-Parisiens;48.869166666,2.335555555;français;
Jacques Offenbach;Le Financier et le Savetier;1856-09-23;théâtre des Bouffes-Parisiens;48.869166666,2.335555555;français;http://commons.wikimedia.org/wiki/Special:FilePath/Jacques%20Offenbach%20by%20Nadar.jpg
Jacques Offenbach;La Bonne d'enfant;1856-10-14;théâtre des Bouffes-Parisiens;48.869166666,2.335555555;français;http://commons.wikimedia.org/wiki/Special:FilePath/Labonnedenfant01.jpg
Saverio Mercadante;Pelagio;1857-02-12;Teatro San Carlo;40.8375,14.249444444;italien;
Jacques Offenbach;Croquefer;1857-02-12;théâtre des Bouffes-Parisiens;48.869166666,2.335555555;français;
Giuseppe Verdi;Simon Boccanegra;1857-03-12;La Scala;45.467777777,9.188611111;italien;http://commons.wikimedia.org/wiki/Special:FilePath/Giuseppe%20Verdi%2C%20Simon%20Boccanegra%20first%20edition%20libretto%20for%20the%201881%20revision%20of%20the%20opera%20-%20Restoration.jpg
Jacques Offenbach;Dragonette;1857-03-30;théâtre des Bouffes-Parisiens;48.869166666,2.335555555;français;http://commons.wikimedia.org/wiki/Special:FilePath/Dragonette-valse.JPEG
Georges Bizet;Le Docteur Miracle;1857-04-09;théâtre des Bouffes-Parisiens;48.869166666,2.335555555;français;http://commons.wikimedia.org/wiki/Special:FilePath/Georges%20bizet.jpg
Jacques Offenbach;Vent-du-Soir ou l'Horrible Festin;1857-05-16;théâtre des Bouffes-Parisiens;48.869166666,2.335555555;français;
Jacques Offenbach;Une demoiselle en loterie;1857-07-27;théâtre des Bouffes-Parisiens;48.869166666,2.335555555;français;
Jacques Offenbach;Le Mariage aux lanternes;1857-10-10;théâtre des Bouffes-Parisiens;48.869166666,2.335555555;français;
Jacques Offenbach;Mesdames de la Halle;1858-03-03;théâtre des Bouffes-Parisiens;48.869166666,2.335555555;français;
Jacques Offenbach;Orphée aux Enfers;1858-10-21;théâtre des Bouffes-Parisiens;48.869166666,2.335555555;français;
Giacomo Meyerbeer;Le Pardon de Ploërmel;1859-04-04;théâtre national de l'Opéra-Comique;48.870861111,2.337511111;français;http://commons.wikimedia.org/wiki/Special:FilePath/Poster%20for%20Le%20pardon%20de%20Plo%C3%ABrmel%201859%20-%20Letellier2008p190.jpg
Léo Delibes;L'Omelette à la Follembuche;1859-06-08;théâtre des Bouffes-Parisiens;48.869166666,2.335555555;français;
Jacques Offenbach;Un mari à la porte;1859-06-22;théâtre des Bouffes-Parisiens;48.869166666,2.335555555;français;
Jacques Offenbach;Geneviève de Brabant;1859-11-19;théâtre des Bouffes-Parisiens;48.869166666,2.335555555;français;
Jacques Offenbach;Daphnis et Chloé;1860-03-27;théâtre des Bouffes-Parisiens;48.869166666,2.335555555;français;
Gaetano Donizetti;Rita;1860-05-07;théâtre national de l'Opéra-Comique;48.870861111,2.337511111;français;
Jacques Offenbach;Barkouf;1860-12-24;théâtre national de l'Opéra-Comique;48.870861111,2.337511111;français;
Jacques Offenbach;La Chanson de Fortunio;1861-01-05;théâtre des Bouffes-Parisiens;48.869166666,2.335555555;français;
Jacques Offenbach;Le Pont des soupirs;1861-03-23;théâtre des Bouffes-Parisiens;48.869166666,2.335555555;français;http://commons.wikimedia.org/wiki/Special:FilePath/Cr%C3%A9mieux%20et%20Hal%C3%A9vy%2C%20Le%20Pont%20des%20soupirs%20-%201868.djvu
Jacques Offenbach;Monsieur Choufleuri restera chez lui le...;1861-09-14;théâtre des Bouffes-Parisiens;48.869166666,2.335555555;français;
Jacques Offenbach;Apothicaire et Perruquier;1861-10-17;théâtre des Bouffes-Parisiens;48.869166666,2.335555555;français;http://commons.wikimedia.org/wiki/Special:FilePath/Jacques%20Offenbach%20by%20Nadar.jpg
Jacques Offenbach;Le Roman comique;1861-12-10;théâtre des Bouffes-Parisiens;48.869166666,2.335555555;français;
Jacques Offenbach;Monsieur et Madame Denis;1862-01-11;théâtre des Bouffes-Parisiens;48.869166666,2.335555555;français;
Georges Bizet;Les Pêcheurs de perles;1863-09-30;Théâtre-Lyrique;48.867486,2.364964;français;
Jacques Offenbach;Les Géorgiennes;1864-03-16;théâtre des Variétés;48.871111111,2.341944444;français;
Jacques Offenbach;La Belle Hélène;1864-12-17;théâtre des Variétés;48.871111111,2.341944444;français;
Giacomo Meyerbeer;L'Africaine;1865-04-28;opéra Le Peletier;48.872929,2.338972;français;
Richard Wagner;Tristan und Isolde;1865-06-10;Théâtre national;48.139722222,11.578888888;allemand;http://commons.wikimedia.org/wiki/Special:FilePath/Tristan%20and%20Isolde%20libretto%20title.png
Stanisław Moniuszko;Das Gespensterschloss;1865-09-28;Grand Théâtre de Varsovie;52.24333333,21.01083333;polonais;http://commons.wikimedia.org/wiki/Special:FilePath/Straszny%20Dw%C3%B3r.jpg
Bedřich Smetana;La Fiancée vendue;1866-05-30;Provisional Theatre;50.080681,14.41358;tchèque;http://commons.wikimedia.org/wiki/Special:FilePath/Prodana%20cover%201919.JPG
Jacques Offenbach;La Vie parisienne;1866-10-31;théâtre du Palais-Royal;48.8662,2.337638888;français;
Ambroise Thomas;Mignon;1866-11-17;théâtre national de l'Opéra-Comique;48.870861111,2.337511111;français;http://commons.wikimedia.org/wiki/Special:FilePath/Mignon%20%28opera%29%201866%20poster%20NGO3p383.jpg
Giuseppe Verdi;Don Carlos;1867-03-11;opéra de Paris;48.8719697,2.3316014;français;http://commons.wikimedia.org/wiki/Special:FilePath/Don%20Carlos%20poster.png
Giuseppe Verdi;Don Carlos;1867-03-11;opéra de Paris;48.8719697,2.3316014;italien;http://commons.wikimedia.org/wiki/Special:FilePath/Don%20Carlos%20poster.png
Jacques Offenbach;Robinson Crusoé;1867-11-23;théâtre national de l'Opéra-Comique;48.870861111,2.337511111;français;
Georges Bizet;La Jolie Fille de Perth;1867-12-26;Théâtre-Lyrique;48.867486,2.364964;français;http://commons.wikimedia.org/wiki/Special:FilePath/%D0%A2%D0%B8%D1%82%D1%83%D0%BB%D1%8C%D0%BD%D1%8B%D0%B9%20%D0%BB%D0%B8%D1%81%D1%82%20%D0%BE%D0%BF%D0%B5%D1%80%D1%8B%20%D0%9F%D0%B5%D1%80%D1%82%D1%81%D0%BA%D0%B0%D1%8F%20%D0%BA%D1%80%D0%B0%D1%81%D0%B0%D0%B2%D0%B8%D1%86%D0%B0%201867%20%D0%B3%D0%BE%D0%B4.png
Ambroise Thomas;Hamlet;1868-03-09;opéra Le Peletier;48.872929,2.338972;français;http://commons.wikimedia.org/wiki/Special:FilePath/Hamlet%20%28opera%29%20by%20Thomas%2C%20Cover%20of%20Piano-Vocal%20Score.jpg
Jacques Offenbach;Le Château à Toto;1868-05-06;théâtre du Palais-Royal;48.8662,2.337638888;français;
Bedřich Smetana;Dalibor;1868-05-16;Provisional Theatre;50.080681,14.41358;tchèque;http://commons.wikimedia.org/wiki/Special:FilePath/Smetana1854portrait.jpg
Jacques Offenbach;L'Île de Tulipatan;1868-09-30;théâtre des Bouffes-Parisiens;48.869166666,2.335555555;français;
Jacques Offenbach;La Périchole;1868-10-06;théâtre des Variétés;48.871111111,2.341944444;français;
Piotr Ilitch Tchaïkovski;Le Voïévode;1869-01-30;théâtre Bolchoï;55.760277777,37.618611111;russe;http://commons.wikimedia.org/wiki/Special:FilePath/%D0%92%D0%BE%D0%B5%D0%B2%D0%BE%D0%B4%D0%B0.jpg
Jacques Offenbach;Vert-Vert;1869-03-10;théâtre national de l'Opéra-Comique;48.870861111,2.337511111;;
Antônio Carlos Gomes;Il Guarany;1870-03-19;La Scala;45.467777777,9.188611111;italien;
Richard Wagner;Die Walküre;1870-06-26;Théâtre national;48.139722222,11.578888888;allemand;http://commons.wikimedia.org/wiki/Special:FilePath/Schott%27s%201899%20Walkure%20title.jpg
Jacques Offenbach;Boule de neige;1871-12-14;théâtre des Bouffes-Parisiens;48.869166666,2.335555555;français;http://commons.wikimedia.org/wiki/Special:FilePath/Offenbach-Boule-de-neige.jpg
Giuseppe Verdi;Aida;1871-12-24;opéra Khédival du Caire;30.0508,31.248;italien;http://commons.wikimedia.org/wiki/Special:FilePath/Aida%20poster%20colors%20fixed.jpg
Jacques Offenbach;Le Roi Carotte;1872-01-15;théâtre de la Gaîté;48.8665,2.35333;français;http://commons.wikimedia.org/wiki/Special:FilePath/Henri%20Meyer%20-%20Affiche%20Le%20Roi%20Carotte%20-%201892.jpeg
Jacques Offenbach;Fantasio;1872-01-18;théâtre national de l'Opéra-Comique;48.870861111,2.337511111;français;
Georges Bizet;Djamileh;1872-05-22;théâtre national de l'Opéra-Comique;48.870861111,2.337511111;français;
Jacques Offenbach;Les Braconniers;1873-01-29;théâtre des Variétés;48.871111111,2.341944444;français;
Jacques Offenbach;Pomme d'api;1873-09-04;théâtre de la Renaissance;48.869027777,2.356388888;français;http://commons.wikimedia.org/wiki/Special:FilePath/Pomme%20d%27api%20Quadrille.jpg
Jacques Offenbach;La Jolie Parfumeuse;1873-11-29;théâtre de la Renaissance;48.869027777,2.356388888;français;
Modeste Moussorgski;Boris Godounov;1874-02-08;théâtre Mariinsky;59.925555555,30.296111111;russe;http://commons.wikimedia.org/wiki/Special:FilePath/Chaliapin%20Godunov%201912.jpg
Johann Strauss II;Die Fledermaus;1874-04-05;Theater an der Wien;48.199166666,16.363611111;allemand;http://commons.wikimedia.org/wiki/Special:FilePath/Opera%20in%20the%20Heights%2C%20Die%20Fledermaus%20-%200442.jpg
Piotr Ilitch Tchaïkovski;L'Opritchnik;1874-04-12;théâtre Mariinsky;59.925555555,30.296111111;russe;
Jacques Offenbach;Bagatelle;1874-05-21;théâtre des Bouffes-Parisiens;48.869166666,2.335555555;français;http://commons.wikimedia.org/wiki/Special:FilePath/Jacques%20Offenbach%20by%20Nadar.png
Jacques Offenbach;Madame l'archiduc;1874-10-31;théâtre des Bouffes-Parisiens;48.869166666,2.335555555;français;
Francisco Asenjo Barbieri;El Barberillo de Lavapiés;1874-12-19;Teatro de la Zarzuela;40.417186111,-3.696780555;espagnol;
Anton Rubinstein;Il demone;1875-01-25;théâtre Mariinsky;59.925555555,30.296111111;russe;http://commons.wikimedia.org/wiki/Special:FilePath/Fedor%20Shalaypin%20as%20Demon%20in%20Rubinstein%27s%20opera%20%281903%2C%20GRM%29.jpg
Georges Bizet;Carmen;1875-03-03;théâtre national de l'Opéra-Comique;48.870861111,2.337511111;français;http://commons.wikimedia.org/wiki/Special:FilePath/Carmen%20-%20illustration%20by%20Luc%20for%20Journal%20Amusant%201875.jpg
Georges Bizet;Carmen;1875-03-03;théâtre national de l'Opéra-Comique;48.870861111,2.337511111;français;http://commons.wikimedia.org/wiki/Special:FilePath/Carmen%20-%20illustration%20by%20Luc%20for%20Journal%20Amusant%201875.jpg
Jacques Offenbach;La boulangère a des écus;1875-10-19;théâtre des Variétés;48.871111111,2.341944444;français;
Jacques Offenbach;Le Voyage dans la Lune;1875-10-26;théâtre de la Gaîté;48.8665,2.35333;français;http://commons.wikimedia.org/wiki/Special:FilePath/Ancourt%20-%20Offenbach.jpg
Jacques Offenbach;Tarte à la crème;1875-12-14;théâtre des Bouffes-Parisiens;48.869166666,2.335555555;français;http://commons.wikimedia.org/wiki/Special:FilePath/Jacques%20Offenbach%20by%20Nadar.png
Richard Wagner;Götterdämmerung;1876-08-17;palais des festivals de Bayreuth;49.959694444,11.579666666;allemand;http://commons.wikimedia.org/wiki/Special:FilePath/Waltraute%20confronts.jpg
Jacques Offenbach;Pierrette et Jacquot;1876-10-13;théâtre des Bouffes-Parisiens;48.869166666,2.335555555;français;
Jacques Offenbach;La Boîte au lait;1876-11-03;théâtre des Bouffes-Parisiens;48.869166666,2.335555555;français;
Jacques Offenbach;Le Docteur Ox;1877-01-26;théâtre des Variétés;48.871111111,2.341944444;français;
Emmanuel Chabrier;L'Étoile;1877-11-28;théâtre des Bouffes-Parisiens;48.869166666,2.335555555;français;
Charles Lecocq;Le petit duc;1878-01-25;théâtre de la Renaissance;48.869027777,2.356388888;français;
Jacques Offenbach;Maître Péronilla;1878-11-29;théâtre des Bouffes-Parisiens;48.869166666,2.335555555;français;
Camille Saint-Saëns;Étienne Marcel;1879-02-08;opéra de Lyon;45.76778,4.83667;français;
Edmond Audran;Les Noces d'Olivette;1879-11-13;théâtre des Bouffes-Parisiens;48.869166666,2.335555555;français;
Jacques Offenbach;Belle Lurette;1880-10-30;théâtre de la Renaissance;48.869027777,2.356388888;français;
Nikolaï Rimski-Korsakov;Snégourotchka (Rimski-Korsakov);1881-01-01;théâtre Mariinsky;59.925555555,30.296111111;russe;http://commons.wikimedia.org/wiki/Special:FilePath/RIAN%20archive%20855728%20Rimsky-Korsakov%27s%20Snow%20Maiden%20in%20the%20Bolshoi%20Theater.jpg
Jacques Offenbach;Les Contes d'Hoffmann;1881-02-10;théâtre national de l'Opéra-Comique;48.870861111,2.337511111;français;http://commons.wikimedia.org/wiki/Special:FilePath/Les%20Contes%20d%27Hoffmann.jpg
Piotr Ilitch Tchaïkovski;La Pucelle d'Orléans;1881-02-25;théâtre Mariinsky;59.925555555,30.296111111;russe;
Jacques Offenbach;Mademoiselle Moucheron;1881-10-05;théâtre de la Renaissance;48.869027777,2.356388888;français;http://commons.wikimedia.org/wiki/Special:FilePath/Jacques%20Offenbach%20by%20Nadar.jpg
Ambroise Thomas;Françoise de Rimini;1882-04-14;palais Garnier;48.871944444,2.331666666;;
Richard Wagner;Parsifal;1882-07-26;palais des festivals de Bayreuth;49.959694444,11.579666666;allemand;http://commons.wikimedia.org/wiki/Special:FilePath/Parsifal%20%281882%20retuschiert%29.jpg
Léo Delibes;Lakmé;1883-04-14;théâtre national de l'Opéra-Comique;48.870861111,2.337511111;français;http://commons.wikimedia.org/wiki/Special:FilePath/Lakm%C3%A9.jpg
Ernest Reyer;Sigurd;1884-01-07;La Monnaie;50.849583,4.354167;français;
Jules Massenet;Manon;1884-01-19;théâtre national de l'Opéra-Comique;48.870861111,2.337511111;français;http://commons.wikimedia.org/wiki/Special:FilePath/Manonlescaut1.jpg
Giacomo Puccini;Le Villi;1884-05-31;Teatro dal Verme;45.467222,9.181111;italien;
Arthur Sullivan;The Mikado;1885-03-14;Savoy Theatre;51.5101,-0.121;anglais;http://commons.wikimedia.org/wiki/Special:FilePath/The%20Mikado%20Three%20Little%20Maids.jpg
Amilcare Ponchielli;Marion Delorme;1885-03-17;La Scala;45.467777777,9.188611111;italien;
Jules Massenet;Le Cid;1885-11-30;palais Garnier;48.871944444,2.331666666;français;http://commons.wikimedia.org/wiki/Special:FilePath/Le%20Cid%20Massenet.JPG
André Messager;La Béarnaise;1885-12-12;théâtre des Bouffes-Parisiens;48.869166666,2.335555555;français;
Alfredo Catalani;Edmea;1886-02-27;La Scala;45.467777777,9.188611111;italien;
Emmanuel Chabrier;Gwendoline;1886-04-10;La Monnaie;50.849583,4.354167;français;
Giuseppe Verdi;Otello;1887-02-05;La Scala;45.467777777,9.188611111;italien;http://commons.wikimedia.org/wiki/Special:FilePath/Francesco%20Tamagno%20as%20Otello%201887%20-%20Sadie%201992%204p639.jpg
Camille Saint-Saëns;Proserpine;1887-03-14;théâtre national de l'Opéra-Comique;48.870861111,2.337511111;français;
Piotr Ilitch Tchaïkovski;L'Enchanteresse;1887-10-20;théâtre Mariinsky;59.925555555,30.296111111;russe;
Alexandre Borodine;Le Prince Igor;1890-11-04;théâtre Mariinsky;59.925555555,30.296111111;russe;http://commons.wikimedia.org/wiki/Special:FilePath/RIAN%20archive%20855177%20Scene%20Prince%20Igor%20opera.jpg
Antônio Carlos Gomes;Condor;1891-02-21;La Scala;45.467777777,9.188611111;italien;
Alfredo Catalani;La Wally;1892-01-20;La Scala;45.467777777,9.188611111;italien;
Ruggero Leoncavallo;Pagliacci;1892-05-21;Teatro dal Verme;45.467222,9.181111;italien;
Piotr Ilitch Tchaïkovski;Iolanta;1892-12-18;théâtre Mariinsky;59.925555555,30.296111111;russe;http://commons.wikimedia.org/wiki/Special:FilePath/Iolanta%20spb1.JPG
André Messager;Madame Chrysanthème;1893-01-21;théâtre de la Renaissance;48.869027777,2.356388888;français;
Giacomo Puccini;Manon Lescaut;1893-02-01;Teatro Regio;45.070555555,7.687777777;italien;http://commons.wikimedia.org/wiki/Special:FilePath/Locandina%20Manon%20Lescaut.jpg
Giuseppe Verdi;Falstaff;1893-02-09;La Scala;45.467777777,9.188611111;italien;http://commons.wikimedia.org/wiki/Special:FilePath/Poster%20falstaff1.jpg
Hector Berlioz;La Damnation de Faust;1893-02-18;théâtre national de l'Opéra-Comique;48.870861111,2.337511111;français;
Alfred Bruneau;L'Attaque du moulin;1893-11-23;théâtre national de l'Opéra-Comique;48.870861111,2.337511111;français;
Jules Massenet;Thaïs;1894-03-16;opéra de Paris;48.8719697,2.3316014;français;http://commons.wikimedia.org/wiki/Special:FilePath/Tha%C3%AFs%20original%20poster.jpg
Pietro Mascagni;Guglielmo Ratcliff;1895-02-16;La Scala;45.467777777,9.188611111;italien;
Giacomo Puccini;La Bohème;1896-02-01;Teatro Regio;45.070555555,7.687777777;italien;http://commons.wikimedia.org/wiki/Special:FilePath/Boheme-poster1.jpg
Umberto Giordano;Andrea Chénier;1896-03-28;La Scala;45.467777777,9.188611111;italien;http://commons.wikimedia.org/wiki/Special:FilePath/Umberto%20Giordano%20by%20Gaetano%20Esposito.jpg
Franz Schubert;Fierrabras;1897-02-09;Badisches Staatstheater Karlsruhe;49.004,8.40609;allemand;
Vincent d'Indy;Fervaal;1897-03-12;La Monnaie;50.849583,4.354167;français;
Ruggero Leoncavallo;La Bohème;1897-05-06;La Fenice;45.433333333,12.333055555;italien;http://commons.wikimedia.org/wiki/Special:FilePath/La%20boh%C3%A8me%20by%20Leoncavallo%20-%20poster%20for%20the%201897%20premiere.jpg
Enrique Granados;María del Carmen;1898-11-12;Circo Price;40.40583333,-3.69861111;espagnol;http://commons.wikimedia.org/wiki/Special:FilePath/Mar%C3%ADa%20del%20Carmen%2C%20de%20Cecilio%20Pla%2C%20Blanco%20y%20Negro%2C%2028-12-1901%20%28cropped%29.jpg
Jules Massenet;Cendrillon;1899-05-24;théâtre national de l'Opéra-Comique;48.870861111,2.337511111;français;http://commons.wikimedia.org/wiki/Special:FilePath/%C3%89mile%20Bertrand%20-%20Jules%20Massenet%20-%20Cendrillon%20poster.jpg
Vicent Peydró Díez;Les barraques;1899-11-10;Teatro Princesa;39.475325,-0.38116944;;
Giacomo Puccini;Tosca;1900-01-14;Teatro dell'Opera di Roma;41.90089,12.495454;italien;http://commons.wikimedia.org/wiki/Special:FilePath/Puccini%20Tosca.jpg
Gustave Charpentier;Louise;1900-02-02;théâtre national de l'Opéra-Comique;48.870861111,2.337511111;français;
Victorin de Joncières;Lancelot;1900-02-07;Paris;48.856577777,2.351827777;;
Camille Erlanger;Le Juif Polonais;1900-04-11;Paris;48.856577777,2.351827777;français;
Gabriel Fauré;Prométhée;1900-08-26;Béziers;43.343333333,3.216111111;français;
Jules Massenet;Grisélidis;1901-11-20;théâtre national de l'Opéra-Comique;48.870861111,2.337511111;français;
Claude Debussy;Pelléas et Mélisande;1902-04-30;théâtre national de l'Opéra-Comique;48.870861111,2.337511111;français;http://commons.wikimedia.org/wiki/Special:FilePath/Mary%20Garden%20in%20Debussy%27s%20Pell%C3%A9as%20et%20M%C3%A9lsande.jpg
Umberto Giordano;Siberia;1903-12-19;La Scala;45.467777777,9.188611111;italien;
Giacomo Puccini;Madame Butterfly;1904-02-17;La Scala;45.467777777,9.188611111;italien;http://commons.wikimedia.org/wiki/Special:FilePath/Leopoldo%20Metlicovitz%2C%201904%20-%20Madama%20Butterfly.jpg
Giacomo Puccini;Madame Butterfly;1904-05-28;La Scala;45.467777777,9.188611111;italien;http://commons.wikimedia.org/wiki/Special:FilePath/Leopoldo%20Metlicovitz%2C%201904%20-%20Madama%20Butterfly.jpg
Giacomo Puccini;Madame Butterfly;1906-01-02;La Scala;45.467777777,9.188611111;italien;http://commons.wikimedia.org/wiki/Special:FilePath/Leopoldo%20Metlicovitz%2C%201904%20-%20Madama%20Butterfly.jpg
Sergueï Rachmaninov;Francesca da Rimini;1906-01-24;théâtre Bolchoï;55.760277777,37.618611111;russe;http://commons.wikimedia.org/wiki/Special:FilePath/Rachmaninov%20Francesca%20da%20Rimini.jpg
Carl Nielsen;Maskarade;1906-11-11;théâtre royal danois;55.679627777,12.586002777;danois;
Max von Schillings;Der Moloch;1906-12-08;Semperoper;51.054444444,13.735277777;allemand;
Nikolaï Rimski-Korsakov;La Légende de la ville invisible de Kitège et de la demoiselle Fevronia;1907-02-20;théâtre Mariinsky;59.925555555,30.296111111;russe;http://commons.wikimedia.org/wiki/Special:FilePath/Ivan%20Bilibin%20151.jpg
Francesco Cilea;Gloria;1907-04-15;La Scala;45.467777777,9.188611111;italien;
Paul Dukas;Ariane et Barbe-Bleue;1907-05-10;théâtre national de l'Opéra-Comique;48.870861111,2.337511111;français;
André Messager;Fortunio;1907-06-05;théâtre national de l'Opéra-Comique;48.870861111,2.337511111;français;
Richard Strauss;Elektra;1909-01-25;Semperoper;51.054444444,13.735277777;allemand;http://commons.wikimedia.org/wiki/Special:FilePath/Richard%20Strauss%20-%20Elektra%20-%20titlepage%20of%20the%20libretto%20-%20drawing%20by%20Lovis%20Corinth%20-%201909.png
Ermanno Wolf-Ferrari;Il Segreto di Susanna;1909-12-04;Théâtre national;48.139722222,11.578888888;italien;
Jules Massenet;Don Quichotte;1910-02-19;opéra de Monte-Carlo;43.73886,7.428481;français;
Jesús Guridi;Mirentxu;1910-05-31;Teatro Campos Elíseos;43.259658333,-2.9314;espagnol;
Ernest Bloch;Macbeth;1910-11-30;théâtre national de l'Opéra-Comique;48.870861111,2.337511111;français;
José Serrano;El trust de los tenorios;1910-12-03;Teatro Apolo;40.4191,-3.69618;espagnol;http://commons.wikimedia.org/wiki/Special:FilePath/El%20trust%20de%20los%20tenorios.JPG
Richard Strauss;Der Rosenkavalier;1911-01-26;Semperoper;51.054444444,13.735277777;allemand;http://commons.wikimedia.org/wiki/Special:FilePath/Robert%20Sterl%20Schuch%20dirigiert%20Rosenkavalier.jpg
Maurice Ravel;L'Heure espagnole;1911-05-19;théâtre national de l'Opéra-Comique;48.870861111,2.337511111;français;
Guy Ropartz;Le Pays;1912-01-01;Nancy;48.692777777,6.183611111;français;
Richard Strauss;Ariadne auf Naxos;1912-10-25;Staatsoper Stuttgart;48.7803,9.185;allemand;http://commons.wikimedia.org/wiki/Special:FilePath/Ariadne%20Auf%20Naxos.jpg
Giacomo Puccini;La fanciulla del West;1912-12-10;Metropolitan Opera;40.7728,-73.9842;italien;
Ermanno Wolf-Ferrari;L'amore medico;1913-12-04;Semperoper;51.054444444,13.735277777;italien;
José María Usandizaga;Las golondrinas;1914-02-05;Circo Price;40.40583333,-3.69861111;espagnol;
Igor Stravinsky;Le Rossignol;1914-05-24;opéra de Paris;48.8719697,2.3316014;russe;http://commons.wikimedia.org/wiki/Special:FilePath/Solovey%20by%20A.%20Benois%2002.jpg
Max von Schillings;Mona Lisa;1915-09-26;Stuttgart;48.776111111,9.1775;;
Erich Wolfgang Korngold;Der Ring des Polykrates;1916-03-28;Théâtre national;48.139722222,11.578888888;allemand;
Alexander von Zemlinsky;Eine florentinische Tragödie;1917-01-30;Staatsoper Stuttgart;48.7803,9.185;allemand;http://commons.wikimedia.org/wiki/Special:FilePath/Zemlinsky.jpg
Giacomo Puccini;La rondine;1917-03-27;opéra de Monte-Carlo;43.73886,7.428481;italien;http://commons.wikimedia.org/wiki/Special:FilePath/La%20rondine.jpg
Pietro Mascagni;Lodoletta;1917-04-30;Teatro dell'Opera di Roma;41.90089,12.495454;italien;
Ferruccio Busoni;Arlecchino;1917-05-11;opéra de Zurich;47.365,8.546944444;allemand;http://commons.wikimedia.org/wiki/Special:FilePath/Moissi%20as%20Arlecchino.jpg
Ferruccio Busoni;Turandot;1917-05-11;opéra de Zurich;47.365,8.546944444;allemand;http://commons.wikimedia.org/wiki/Special:FilePath/Turandot-Arlechino%20Premier%20Poster%20600391.jpg
Hans Pfitzner;Palestrina;1917-06-12;théâtre du Prince-Régent;48.139,11.6056;allemand;http://commons.wikimedia.org/wiki/Special:FilePath/Palestrina%20at%20Hamburgische%20Staatsoper%202011%20-%20Photo%20No%2016%20by%20Joerg%20Landsberg.jpg
Giacomo Puccini;Gianni Schicchi;1918-12-14;Metropolitan Opera;40.7728,-73.9842;italien;http://commons.wikimedia.org/wiki/Special:FilePath/Carambra%2C%20bozzetto%20originale%20per%20costume%20Gianni%20Schicchi%20%281918%29.JPG
Giacomo Puccini;Il tabarro;1918-12-14;Metropolitan Opera;40.7728,-73.9842;italien;http://commons.wikimedia.org/wiki/Special:FilePath/Iltabarro-poster.jpg
Richard Strauss;Die Frau ohne Schatten;1919-10-10;Wiener Staatsoper;48.202777777,16.368472222;allemand;http://commons.wikimedia.org/wiki/Special:FilePath/Amme%20van%20Alfred%20Rollerkopie.jpg
Ede Poldini;Farsangi lakodalom;1924-02-16;opéra d'État hongrois;47.50278,19.05833;hongrois;
Emmerich Kálmán;Comtesse Maritza;1924-02-28;Theater an der Wien;48.199166666,16.363611111;;
Arturo Toscanini;Nerone;1924-05-01;La Scala;45.467777777,9.188611111;italien;
Arrigo Boito;Nerone;1924-05-01;La Scala;45.467777777,9.188611111;italien;
Antonio Smareglia;Nerone;1924-05-01;La Scala;45.467777777,9.188611111;italien;
Vincenzo Tommasini;Nerone;1924-05-01;La Scala;45.467777777,9.188611111;italien;
Arnold Schönberg;Erwartung;1924-06-06;opéra d’État de Prague;50.08028,14.43278;allemand;
Umberto Giordano;La cena delle beffe;1924-12-20;La Scala;45.467777777,9.188611111;italien;
Riccardo Zandonai;I cavalieri di Ekebù;1925-03-07;La Scala;45.467777777,9.188611111;italien;
Maurice Ravel;L'Enfant et les Sortilèges;1925-03-21;opéra de Monte-Carlo;43.73886,7.428481;français;
Alban Berg;Wozzeck;1925-12-14;Staatsoper Unter den Linden;52.516666666,13.395;allemand;http://commons.wikimedia.org/wiki/Special:FilePath/Hans%20Heinrich%20Palitzsch%201974%20poster%20Wozzek.jpg
Emmerich Kálmán;La princesse de cirque;1926-03-26;Theater an der Wien;48.199166666,16.363611111;;
Giacomo Puccini;Turandot;1926-04-26;La Scala;45.467777777,9.188611111;italien;http://commons.wikimedia.org/wiki/Special:FilePath/Poster%20Turandot.jpg
Karol Szymanowski;Le Roi Roger;1926-06-19;Grand Théâtre de Varsovie;52.24333333,21.01083333;polonais;
Paul Hindemith;Cardillac;1926-11-09;Semperoper;51.054444444,13.735277777;allemand;
Igor Stravinsky;Œdipus Rex;1927-05-30;théâtre de la Ville;48.857211111,2.348119444;latin;
Erich Wolfgang Korngold;Das Wunder der Heliane;1927-10-07;opéra d'État de Hambourg;53.556666666,9.988888888;;
Darius Milhaud;Le Pauvre Matelot;1927-12-12;théâtre national de l'Opéra-Comique;48.870861111,2.337511111;français;
Ernst Křenek;Schwergewicht oder die Ehre der Nation;1928-05-06;Hessisches Staatstheater;50.0836,8.24583;;
Ernst Křenek;Der Diktator;1928-05-06;Hessisches Staatstheater;50.0836,8.24583;allemand;
Ernst Křenek;Das geheime Königreich;1928-05-06;Hessisches Staatstheater;50.0836,8.24583;allemand;
Richard Strauss;Die ägyptische Helena;1928-06-06;Semperoper;51.054444444,13.735277777;allemand;
Oscar Straus;Mariette ou Comment on écrit l'histoire;1928-10-01;théâtre Édouard VII;48.8713,2.3294;français;
Umberto Giordano;Il re;1929-01-12;La Scala;45.467777777,9.188611111;italien;
Sergueï Prokofiev;Le Joueur;1929-04-29;La Monnaie;50.849583,4.354167;russe;
Kurt Weill;Happy End;1929-09-02;Theater am Schiffbauerdamm;52.5217,13.3861;allemand;
Dmitri Chostakovitch;Le Nez;1930-01-18;théâtre Michel;59.93777778,30.32944444;russe;http://commons.wikimedia.org/wiki/Special:FilePath/The%20Nose%2011%202013.jpg
Pablo Sorozábal;Katiuska, la mujer rusa;1931-01-28;Teatre Victoria;41.374806,2.168778;espagnol;
Federico Moreno Torroba;Luisa Fernanda;1932-03-26;Teatro Calderón;40.4141,-3.70351;espagnol;
Richard Strauss;Arabella;1933-07-01;Semperoper;51.054444444,13.735277777;allemand;http://commons.wikimedia.org/wiki/Special:FilePath/Strauss%2C%20R.%20Arabella%20%28M%C3%BCnchen%2C%201952%29.JPG
Pablo Sorozábal;Adiós a la bohemia;1933-11-21;Teatro Calderón;40.4141,-3.70351;espagnol;
Dmitri Chostakovitch;Lady Macbeth du district de Mtsensk;1934-01-22;théâtre Michel;59.93777778,30.32944444;russe;http://commons.wikimedia.org/wiki/Special:FilePath/Lady%20Macbeth%20of%20the%20Mtsensk%20District.jpg
Ottorino Respighi;La fiamma;1934-01-23;Teatro dell'Opera di Roma;41.90089,12.495454;italien;
Richard Strauss;Die schweigsame Frau;1935-06-24;Semperoper;51.054444444,13.735277777;allemand;http://commons.wikimedia.org/wiki/Special:FilePath/Strauss3.jpg
Georges Enesco;Œdipe;1936-03-13;palais Garnier;48.871944444,2.331666666;français;http://commons.wikimedia.org/wiki/Special:FilePath/%C5%92dipe%20d%27Enesco.jpg
Paul Hindemith;Mathis le peintre;1938-05-28;opéra de Zurich;47.365,8.546944444;allemand;http://commons.wikimedia.org/wiki/Special:FilePath/Hindemith%2C%20P.%20Mathis%2C%20der%20Maler%20%28II%29%20%28M%C3%BCnchen%2C%201948%29.JPG
Tikhon Khrennikov;Into the Storm;1939-10-10;théâtre académique musical de Moscou;55.7647,37.6108;russe;
Achmet Kujanowitsch Schubanow;Abaï;1944-12-24;opéra Abaï;43.248888888,76.945833333;kazakh;
Sergueï Prokofiev;Guerre et Paix;1946-06-12;théâtre Michel;59.93777778,30.32944444;russe;http://commons.wikimedia.org/wiki/Special:FilePath/Kutuzov%27s%20Aria%20from%20War%20and%20Peace.jpg
Sergueï Prokofiev;Les Fiançailles au couvent;1946-11-03;théâtre Mariinsky;59.925555555,30.296111111;russe;
Francis Poulenc;Les Mamelles de Tirésias;1947-06-03;théâtre national de l'Opéra-Comique;48.870861111,2.337511111;français;
Vano Muradeli;The Great Friendship;1947-09-28;Donetsk;48.008888888,37.804166666;russe;
Sergueï Prokofiev;Histoire d'un homme véritable;1948-12-03;théâtre Mariinsky;59.925555555,30.296111111;russe;
Pablo Sorozábal;Los burladores;1948-12-10;Teatro Calderón;40.4141,-3.70351;espagnol;
Carl Orff;Antigonae;1949-08-09;Manège des rochers;47.7983,13.0417;;
Pablo Sorozábal;Entre Sevilla y Triana;1950-04-08;Circo Price;40.40583333,-3.69861111;espagnol;
Jesús Guridi;La condesa de la aguja y el dedal;1950-04-08;Cine Madrid;40.41835278,-3.70369167;espagnol;
Darius Milhaud;Bolivar (opéra);1950-05-10;opéra de Paris;48.8719697,2.3316014;français;
Benjamin Britten;Billy Budd;1951-12-01;Royal Opera House;51.512891666,-0.122766666;anglais;
Paul Hindemith;Cardillac;1952-06-20;Semperoper;51.054444444,13.735277777;allemand;
Benjamin Britten;Gloriana;1953-06-08;Royal Opera House;51.512891666,-0.122766666;;
Iouri Chaporine;The Decembrists;1953-06-23;théâtre Bolchoï;55.760277777,37.618611111;russe;
Arnold Schönberg;Moses und Aron;1954-03-12;opéra de Zurich;47.365,8.546944444;allemand;
Benjamin Britten;The Turn of the Screw;1954-09-14;La Fenice;45.433333333,12.333055555;anglais;
Sergueï Prokofiev;L'Ange de feu;1954-11-05;théâtre des Champs-Élysées;48.86584,2.3029;russe;http://commons.wikimedia.org/wiki/Special:FilePath/Paolo%20Monti%20-%20Servizio%20fotografico%20%28Italia%2C%201973%29%20-%20BEIC%206348693.jpg
Federico Moreno Torroba;María Manuela;1957-01-01;Teatro de la Zarzuela;40.417186111,-3.696780555;espagnol;
Francis Poulenc;Dialogues des carmélites;1957-01-26;La Scala;45.467777777,9.188611111;français;
Francis Poulenc;Dialogues des carmélites;1957-01-26;La Scala;45.467777777,9.188611111;italien;
Francis Poulenc;La Voix humaine;1959-02-06;théâtre national de l'Opéra-Comique;48.870861111,2.337511111;français;
Sergueï Prokofiev;Histoire d'un homme véritable;1960-10-07;théâtre Mariinsky;59.925555555,30.296111111;russe;
Manuel de Falla;Atlàntida;1961-11-24;Grand théâtre du Liceu;41.380277777,2.173611111;catalan;
Ernesto Halffter;Atlàntida;1961-11-24;Grand théâtre du Liceu;41.380277777,2.173611111;catalan;
Manuel de Falla;Atlàntida;1962-06-18;Grand théâtre du Liceu;41.380277777,2.173611111;catalan;
Ernesto Halffter;Atlàntida;1962-06-18;Grand théâtre du Liceu;41.380277777,2.173611111;catalan;
Gian Carlo Menotti;Le Dernier Sauvage;1963-10-21;opéra de Paris;48.8719697,2.3316014;italien;http://commons.wikimedia.org/wiki/Special:FilePath/Gcmenotti.jpg
Matilde Salvador;Vinatea;1974-01-19;Grand théâtre du Liceu;41.380277777,2.173611111;catalan;
Manuel de Falla;Atlàntida;1976-09-09;Grand théâtre du Liceu;41.380277777,2.173611111;catalan;
Ernesto Halffter;Atlàntida;1976-09-09;Grand théâtre du Liceu;41.380277777,2.173611111;catalan;
Alban Berg;Lulu;1979-02-24;opéra de Zurich;47.365,8.546944444;allemand;
Salvatore Sciarrino;Lohengrin;1983-01-15;Teatro alla Scala. Piccola Scala. Milan, Italie;45.467291666,9.189138888;;
Olivier Messiaen;Saint François d'Assise;1983-11-28;opéra de Paris;48.8719697,2.3316014;français;
John Adams;The Death of Klinghoffer;1991-03-19;La Monnaie;50.849583,4.354167;anglais;
Thomas Adès;The Tempest;2004-02-10;Royal Opera House;51.512891666,-0.122766666;;
Arnold Schönberg;Moses und Aron;2010-01-16;opéra de Zurich;47.365,8.546944444;allemand;
Daniel Catán;Il Postino;2010-09-23;Dorothy Chandler Pavilion;34.056388888,-118.248611111;espagnol;
Grégoire Hetzel;La Chute de Fukuyama;2013-03-29;salle Pleyel;48.876994444,2.301036111;anglais;
Salvatore Sciarrino;Ti vedo, ti sento, mi perdo;2017-11-14;La Scala;45.467777777,9.188611111;;
