Title,Artist,Nationality,Gender,Date,DateAcquired,URL,ThumbnailURL,Column
What You Mean We?,Laurie Anderson,(American),(Female),1986,1986-11-25,http://www.moma.org/collection/works/88831,http://www.moma.org/media/W1siZiIsIjQwMDUxMCJdLFsicCIsImNvbnZlcnQiLCItcmVzaXplIDMwMHgzMDBcdTAwM2UiXV0.jpg?sha=6bd7938e2afbea87,
Head,Cheryl Donegan,(American),(Female),1993,1999-01-28,http://www.moma.org/collection/works/88832,http://www.moma.org/media/W1siZiIsIjExMzQxMSJdLFsicCIsImNvbnZlcnQiLCItcmVzaXplIDMwMHgzMDBcdTAwM2UiXV0.jpg?sha=43ac47a10e6c371b,
Three Transitions,Peter Campus,(American),(Male),1973,1976-07-21,http://www.moma.org/collection/works/88833,,
URA ARU (the backside exists),Gary Hill,(American),(Male),1986,1985-12-15,http://www.moma.org/collection/works/88837,http://www.moma.org/media/W1siZiIsIjE1MTU2NiJdLFsicCIsImNvbnZlcnQiLCItcmVzaXplIDMwMHgzMDBcdTAwM2UiXV0.jpg?sha=a411dd11a12f425b,
The Loner,Tony Oursler,(American),(Male),1980,1981-11-16,http://www.moma.org/collection/works/88838,http://www.moma.org/media/W1siZiIsIjExMDc4OCJdLFsicCIsImNvbnZlcnQiLCItcmVzaXplIDMwMHgzMDBcdTAwM2UiXV0.jpg?sha=76294e82289daf50,
Interregna,John Pilson,(American),(Male),2000,,http://www.moma.org/collection/works/88840,,
Meta-Mayan II,Edin Vélez,(American),(Male),1981,1981-11-16,http://www.moma.org/collection/works/88841,http://www.moma.org/media/W1siZiIsIjE5NDIyMiJdLFsicCIsImNvbnZlcnQiLCItcmVzaXplIDMwMHgzMDBcdTAwM2UiXV0.jpg?sha=63bb1443f1f4a48e,
Double Lunar Dogs,Joan Jonas,(American),(Female),1984,1992-12-15,http://www.moma.org/collection/works/89352,http://www.moma.org/media/W1siZiIsIjEyNzE0NCJdLFsicCIsImNvbnZlcnQiLCItcmVzaXplIDMwMHgzMDBcdTAwM2UiXV0.jpg?sha=9a5dc106e97516d7,
Chott el-Djerid (A Portrait in Light and Heat),Bill Viola,(American),(Male),1979,1981-03-04,http://www.moma.org/collection/works/89506,http://www.moma.org/media/W1siZiIsIjczOTY4Il0sWyJwIiwiY29udmVydCIsIi1yZXNpemUgMzAweDMwMFx1MDAzZSJdXQ.jpg?sha=c6b6bdeff7470d12,
89 seconds at Alcázar,Eve Sussman | Rufus Corporation,(American),(Female),2004,2004-04-13,http://www.moma.org/collection/works/93645,,
Hatsu-Yume (First Dream),Bill Viola,(American),(Male),1981,1982-11-03,http://www.moma.org/collection/works/94791,http://www.moma.org/media/W1siZiIsIjIzMzcwMSJdLFsicCIsImNvbnZlcnQiLCItcmVzaXplIDMwMHgzMDBcdTAwM2UiXV0.jpg?sha=4d3ad79ca5c84c7c,
Goodboy,Aaron Young,(American),(Male),2001,2004-12-13,http://www.moma.org/collection/works/98805,http://www.moma.org/media/W1siZiIsIjE1MDg3NSJdLFsicCIsImNvbnZlcnQiLCItcmVzaXplIDMwMHgzMDBcdTAwM2UiXV0.jpg?sha=92c666591b345099,
High Performance,Aaron Young,(American),(Male),2000,2004-12-13,http://www.moma.org/collection/works/98806,http://www.moma.org/media/W1siZiIsIjE1MDg3OCJdLFsicCIsImNvbnZlcnQiLCItcmVzaXplIDMwMHgzMDBcdTAwM2UiXV0.jpg?sha=064ab1aaf498ec31,
Guitar Drag,Christian Marclay,(American),(Male),2000,2004-02-10,http://www.moma.org/collection/works/100107,http://www.moma.org/media/W1siZiIsIjEwNDkwOSJdLFsicCIsImNvbnZlcnQiLCItcmVzaXplIDMwMHgzMDBcdTAwM2UiXV0.jpg?sha=8e0e7eaf7dee8ae6,
Dunking,Jen DeNike,(American),(Female),2004,2005-06-30,http://www.moma.org/collection/works/100116,http://www.moma.org/media/W1siZiIsIjExMDc2NyJdLFsicCIsImNvbnZlcnQiLCItcmVzaXplIDMwMHgzMDBcdTAwM2UiXV0.jpg?sha=b2fbd834db2986c1,
Wrestling,Jen DeNike,(American),(Female),2003,2005-06-30,http://www.moma.org/collection/works/100117,http://www.moma.org/media/W1siZiIsIjExMDc2OCJdLFsicCIsImNvbnZlcnQiLCItcmVzaXplIDMwMHgzMDBcdTAwM2UiXV0.jpg?sha=57d0ca219758cae5,
The Year of the Doppelganger,Slater Bradley,(American),(Male),2004,2005-11-25,http://www.moma.org/collection/works/100686,http://www.moma.org/media/W1siZiIsIjIzNTEyOSJdLFsicCIsImNvbnZlcnQiLCItcmVzaXplIDMwMHgzMDBcdTAwM2UiXV0.jpg?sha=efa0f327dd8dec12,
The Best Decision Ever Made,Chris Miner,(American),(Male),2004,2006-01-18,http://www.moma.org/collection/works/102792,,
O Superman,Laurie Anderson,(American),(Female),1983,1982-01-01,http://www.moma.org/collection/works/107283,http://www.moma.org/media/W1siZiIsIjExMjk2OSJdLFsicCIsImNvbnZlcnQiLCItcmVzaXplIDMwMHgzMDBcdTAwM2UiXV0.jpg?sha=a7440a43a51029a1,
Media Burn,Ant Farm,(American),(),2003,1980-11-18,http://www.moma.org/collection/works/107284,http://www.moma.org/media/W1siZiIsIjE1MTYxMyJdLFsicCIsImNvbnZlcnQiLCItcmVzaXplIDMwMHgzMDBcdTAwM2UiXV0.jpg?sha=01c3b36b621780db,
The Dominatrix Sleeps Tonight,Beth B,(American),(Female),1984,1986-01-02,http://www.moma.org/collection/works/107310,http://www.moma.org/media/W1siZiIsIjEyNzA5NyJdLFsicCIsImNvbnZlcnQiLCItcmVzaXplIDMwMHgzMDBcdTAwM2UiXV0.jpg?sha=3744625fba991428,
Lost Book Found,Jem Cohen,(American),(Male),1996,1999-10-06,http://www.moma.org/collection/works/107377,http://www.moma.org/media/W1siZiIsIjE0ODIwMSJdLFsicCIsImNvbnZlcnQiLCItcmVzaXplIDMwMHgzMDBcdTAwM2UiXV0.jpg?sha=61a42f6d0db03def,
Beneath the Skin,Cecelia Condit,(American),(Female),1981,1984-07-23,http://www.moma.org/collection/works/107378,,
Scape-Mates,Ed Emshwiller,(American),(Male),1972,1985-12-13,http://www.moma.org/collection/works/107431,http://www.moma.org/media/W1siZiIsIjE5NDIxNSJdLFsicCIsImNvbnZlcnQiLCItcmVzaXplIDMwMHgzMDBcdTAwM2UiXV0.jpg?sha=18ef39f619cce6dc,
Art Herstory,Hermine Freed,(American),(Female),1974,1999-06-15,http://www.moma.org/collection/works/107457,http://www.moma.org/media/W1siZiIsIjE0ODIwMyJdLFsicCIsImNvbnZlcnQiLCItcmVzaXplIDMwMHgzMDBcdTAwM2UiXV0.jpg?sha=0b1f8e5d6c7beaca,
Ohio to Giverny: Memory of Light,Mary Lucier,(American),(Female),1983,1999-01-28,http://www.moma.org/collection/works/107630,http://www.moma.org/media/W1siZiIsIjE1MTYxOSJdLFsicCIsImNvbnZlcnQiLCItcmVzaXplIDMwMHgzMDBcdTAwM2UiXV0.jpg?sha=f4ff2c42c85585e2,
Global Groove,Nam June Paik,(American),(Male),1973,1975-05-09,http://www.moma.org/collection/works/107679,http://www.moma.org/media/W1siZiIsIjE5NDIwOCJdLFsicCIsImNvbnZlcnQiLCItcmVzaXplIDMwMHgzMDBcdTAwM2UiXV0.jpg?sha=8d191c66ca9b37d6,
Tongues Untied,Marlon Riggs,(American),(Male),1989,1991-07-09,http://www.moma.org/collection/works/107709,http://www.moma.org/media/W1siZiIsIjExMzM3NCJdLFsicCIsImNvbnZlcnQiLCItcmVzaXplIDMwMHgzMDBcdTAwM2UiXV0.jpg?sha=10360be6b91e28dd,
TV In and TV Out,Keith Sonnier,(American),(Male),1972,1975-05-15,http://www.moma.org/collection/works/107741,http://www.moma.org/media/W1siZiIsIjIyMTc5NCJdLFsicCIsImNvbnZlcnQiLCItcmVzaXplIDMwMHgzMDBcdTAwM2UiXV0.jpg?sha=47a9e2a9c3de89e9,
The Space Between the Teeth,Bill Viola,(American),(Male),1977,1979-02-05,http://www.moma.org/collection/works/107939,http://www.moma.org/media/W1siZiIsIjE1MTYyMiJdLFsicCIsImNvbnZlcnQiLCItcmVzaXplIDMwMHgzMDBcdTAwM2UiXV0.jpg?sha=e3749859174b3a66,
Deafman Glance,Robert Wilson,(American),(Male),1981,1981-11-16,http://www.moma.org/collection/works/107961,http://www.moma.org/media/W1siZiIsIjIxNTc1NCJdLFsicCIsImNvbnZlcnQiLCItcmVzaXplIDMwMHgzMDBcdTAwM2UiXV0.jpg?sha=ad21eb31afddc5a6,
The Tree,Alex Ku,(American),(Male),1999,,http://www.moma.org/collection/works/109019,,
"Digital Video Effect: ""Editions""",Seth Price,(American),(Male),2006,2007-04-11,http://www.moma.org/collection/works/109151,http://www.moma.org/media/W1siZiIsIjE1MTU2NCJdLFsicCIsImNvbnZlcnQiLCItcmVzaXplIDMwMHgzMDBcdTAwM2UiXV0.jpg?sha=7f61638b63851067,
Interior Scroll-The Cave,Carolee Schneemann,(American),(Female),1995,2007-04-11,http://www.moma.org/collection/works/109934,http://www.moma.org/media/W1siZiIsIjEyNzk1NyJdLFsicCIsImNvbnZlcnQiLCItcmVzaXplIDMwMHgzMDBcdTAwM2UiXV0.jpg?sha=e627e88fcca70144,
A Bit of Matter and a Little Bit More,Lawrence Weiner,(American),(Male),1976,2007-04-11,http://www.moma.org/collection/works/109936,http://www.moma.org/media/W1siZiIsIjEyNzk1OCJdLFsicCIsImNvbnZlcnQiLCItcmVzaXplIDMwMHgzMDBcdTAwM2UiXV0.jpg?sha=a0c77d6985ffaff2,
Now,Lynda Benglis,(American),(Female),1973,1976-06-30,http://www.moma.org/collection/works/110547,http://www.moma.org/media/W1siZiIsIjE1NzU1MyJdLFsicCIsImNvbnZlcnQiLCItcmVzaXplIDMwMHgzMDBcdTAwM2UiXV0.jpg?sha=bc1799cbd0dfee1e,
"Tony Sinking into the Floor, Face Up, and Face Down",Bruce Nauman,(American),(Male),1973,2007-09-24,http://www.moma.org/collection/works/111016,http://www.moma.org/media/W1siZiIsIjEzNjA2MCJdLFsicCIsImNvbnZlcnQiLCItcmVzaXplIDMwMHgzMDBcdTAwM2UiXV0.jpg?sha=184d472560efe8f3,
Technology/Transformation: Wonder Woman,Dara Birnbaum,(American),(Female),1979,2007-12-10,http://www.moma.org/collection/works/114400,http://www.moma.org/media/W1siZiIsIjEzNjAxMyJdLFsicCIsImNvbnZlcnQiLCItcmVzaXplIDMwMHgzMDBcdTAwM2UiXV0.jpg?sha=6bd26fce1a0b6b5b,
The Wall,Gordon Matta-Clark,(American),(Male),2007,2008-03-12,http://www.moma.org/collection/works/117943,http://www.moma.org/media/W1siZiIsIjEzNjA0NCJdLFsicCIsImNvbnZlcnQiLCItcmVzaXplIDMwMHgzMDBcdTAwM2UiXV0.jpg?sha=3925cd8a9f47877c,
KK Queens Survey,Kalup Linzy,(American),(Male),2005,2008-03-12,http://www.moma.org/collection/works/117950,http://www.moma.org/media/W1siZiIsIjEzNzY1MiJdLFsicCIsImNvbnZlcnQiLCItcmVzaXplIDMwMHgzMDBcdTAwM2UiXV0.jpg?sha=edf7976c6bdaf360,
Melody Set Me Free,Kalup Linzy,(American),(Male),2007,2008-03-12,http://www.moma.org/collection/works/117952,http://www.moma.org/media/W1siZiIsIjEzNzY1MSJdLFsicCIsImNvbnZlcnQiLCItcmVzaXplIDMwMHgzMDBcdTAwM2UiXV0.jpg?sha=325e5d425cfe9117,
Alarm A,William Wegman,(American),(Male),1977,2008-03-12,http://www.moma.org/collection/works/118077,,
Dr. Joke,William Wegman,(American),(Male),1977,2008-03-12,http://www.moma.org/collection/works/118078,,
Bad Movies,William Wegman,(American),(Male),1977,2008-03-12,http://www.moma.org/collection/works/118079,,
Drop It,William Wegman,(American),(Male),1977,2008-03-12,http://www.moma.org/collection/works/118080,,
"Oh Boy, Fruit",William Wegman,(American),(Male),1977,2008-03-12,http://www.moma.org/collection/works/118081,,
Smoking,William Wegman,(American),(Male),1977,2008-03-12,http://www.moma.org/collection/works/118082,,
Baseball Over Horseshoes,William Wegman,(American),(Male),1977,2008-03-12,http://www.moma.org/collection/works/118083,,
Fast,William Wegman,(American),(Male),1977,2008-03-12,http://www.moma.org/collection/works/118084,,
Piano Hands,William Wegman,(American),(Male),1977,2008-03-12,http://www.moma.org/collection/works/118085,,
House for Sale,William Wegman,(American),(Male),1977,2008-03-12,http://www.moma.org/collection/works/118086,,
Peck and Chuck B,William Wegman,(American),(Male),1977,2008-03-12,http://www.moma.org/collection/works/118087,,
Alphabet,William Wegman,(American),(Male),1977,2008-03-12,http://www.moma.org/collection/works/118088,,
Starter,William Wegman,(American),(Male),1977,2008-03-12,http://www.moma.org/collection/works/118089,,
Night Song,William Wegman,(American),(Male),1977,2008-03-12,http://www.moma.org/collection/works/118090,,
Alarm B,William Wegman,(American),(Male),1977,2008-03-12,http://www.moma.org/collection/works/118091,,
Television Delivers People,Richard Serra,(American),(Male),1973,1975-05-19,http://www.moma.org/collection/works/118185,http://www.moma.org/media/W1siZiIsIjEzOTI0MiJdLFsicCIsImNvbnZlcnQiLCItcmVzaXplIDMwMHgzMDBcdTAwM2UiXV0.jpg?sha=dbfc64d6035871dd,
The Matter,Woody Vasulka,(American),(Male),1974,1976-11-10,http://www.moma.org/collection/works/118186,http://www.moma.org/media/W1siZiIsIjE1MTYyNyJdLFsicCIsImNvbnZlcnQiLCItcmVzaXplIDMwMHgzMDBcdTAwM2UiXV0.jpg?sha=a9412bffcf6ad441,
Explanation,Woody Vasulka,(American),(Male),1974,1976-01-01,http://www.moma.org/collection/works/118187,http://www.moma.org/media/W1siZiIsIjI1NTA1MiJdLFsicCIsImNvbnZlcnQiLCItcmVzaXplIDMwMHgzMDBcdTAwM2UiXV0.jpg?sha=f6ab31a9d95af1a0,
Vocabulary,Woody Vasulka,(American),(Male),1973,1976-01-01,http://www.moma.org/collection/works/118188,http://www.moma.org/media/W1siZiIsIjE1MTYyOCJdLFsicCIsImNvbnZlcnQiLCItcmVzaXplIDMwMHgzMDBcdTAwM2UiXV0.jpg?sha=876d1b1049426503,
East Ended Tape,Peter Campus,(American),(Male),1976,1976-07-21,http://www.moma.org/collection/works/118189,http://www.moma.org/media/W1siZiIsIjE1MTYyOSJdLFsicCIsImNvbnZlcnQiLCItcmVzaXplIDMwMHgzMDBcdTAwM2UiXV0.jpg?sha=0ddde7b3c5f392f5,
Migration,Bill Viola,(American),(Male),1976,1979-02-05,http://www.moma.org/collection/works/118190,http://www.moma.org/media/W1siZiIsIjE1MTYzMCJdLFsicCIsImNvbnZlcnQiLCItcmVzaXplIDMwMHgzMDBcdTAwM2UiXV0.jpg?sha=ebc1c8ca676faff3,
Brainwash,Les Levine,(American),(Male),1974,1979-02-05,http://www.moma.org/collection/works/118193,http://www.moma.org/media/W1siZiIsIjIxNDM1MCJdLFsicCIsImNvbnZlcnQiLCItcmVzaXplIDMwMHgzMDBcdTAwM2UiXV0.jpg?sha=a83ec8cfd7fd47fc,
Kiss the Girls: Make Them Cry,Dara Birnbaum,(American),(Female),1979,1980-11-18,http://www.moma.org/collection/works/118203,http://www.moma.org/media/W1siZiIsIjE1MTYzMiJdLFsicCIsImNvbnZlcnQiLCItcmVzaXplIDMwMHgzMDBcdTAwM2UiXV0.jpg?sha=42b404e43de1ac90,
Cadillac Ranch Show,Ant Farm,(American),(),1994,1980-11-18,http://www.moma.org/collection/works/118206,http://www.moma.org/media/W1siZiIsIjE1MTYzNCJdLFsicCIsImNvbnZlcnQiLCItcmVzaXplIDMwMHgzMDBcdTAwM2UiXV0.jpg?sha=118c8f6a050468e6,
After Montgolfier,Davidson Gigliotti,(American),(Male),1979,1981-10-01,http://www.moma.org/collection/works/118209,,
Get Ready to March!,Chip Lord,(American),(Male),1981,1981-11-16,http://www.moma.org/collection/works/118210,http://www.moma.org/media/W1siZiIsIjI1MDcwMCJdLFsicCIsImNvbnZlcnQiLCItcmVzaXplIDMwMHgzMDBcdTAwM2UiXV0.jpg?sha=765a37c7aff58652,
El Corandero,Shalom Gorewitz,(American),(Male),1979,1981-11-16,http://www.moma.org/collection/works/118213,http://www.moma.org/media/W1siZiIsIjIxMzkyOSJdLFsicCIsImNvbnZlcnQiLCItcmVzaXplIDMwMHgzMDBcdTAwM2UiXV0.jpg?sha=5b29992fd3c6153c,
Guadalcanal Requiem,Nam June Paik,(American),(Male),1979,1981-03-25,http://www.moma.org/collection/works/118214,http://www.moma.org/media/W1siZiIsIjE1MTYzNSJdLFsicCIsImNvbnZlcnQiLCItcmVzaXplIDMwMHgzMDBcdTAwM2UiXV0.jpg?sha=5dcd441257e97f4f,
Lake Placid '80,Nam June Paik,(American),(Male),1980,1981-03-15,http://www.moma.org/collection/works/118217,http://www.moma.org/media/W1siZiIsIjE1MTYzNiJdLFsicCIsImNvbnZlcnQiLCItcmVzaXplIDMwMHgzMDBcdTAwM2UiXV0.jpg?sha=07020ab57c1e6ea2,
Pick Up Your Feet: The Double Dutch Show,Skip Blumberg,(American),(Male),1981,1981-11-16,http://www.moma.org/collection/works/118218,,
Smothering Dreams,Daniel Reeves,(American),(Male),1981,1982-10-01,http://www.moma.org/collection/works/118220,http://www.moma.org/media/W1siZiIsIjI1NTAyMSJdLFsicCIsImNvbnZlcnQiLCItcmVzaXplIDMwMHgzMDBcdTAwM2UiXV0.jpg?sha=c82284a06206a595,
Piano Players Rarely Ever Play Together,Stevenson J. Palfi,(American),(Male),1983,1983-07-11,http://www.moma.org/collection/works/118222,http://www.moma.org/media/W1siZiIsIjI1MDcxOSJdLFsicCIsImNvbnZlcnQiLCItcmVzaXplIDMwMHgzMDBcdTAwM2UiXV0.jpg?sha=a489a7acaeafeff1,
It Starts At Home,Michael Smith,(American),(Male),1982,1983-05-13,http://www.moma.org/collection/works/118223,http://www.moma.org/media/W1siZiIsIjE1MTYzNyJdLFsicCIsImNvbnZlcnQiLCItcmVzaXplIDMwMHgzMDBcdTAwM2UiXV0.jpg?sha=8d9e911b6fc806f6,
Windfalls: New Thoughts on Thinking,Matthew Geller,(American),(Male),1982,1983-07-13,http://www.moma.org/collection/works/118226,http://www.moma.org/media/W1siZiIsIjI1MDcxOCJdLFsicCIsImNvbnZlcnQiLCItcmVzaXplIDMwMHgzMDBcdTAwM2UiXV0.jpg?sha=75903ff3dc48fc38,
Montana,Jane Veeder,(American),(Female),1982,1983-03-30,http://www.moma.org/collection/works/118227,,
Spine Time,John Sturgeon,(American),(Male),1982,1984-09-19,http://www.moma.org/collection/works/118229,http://www.moma.org/media/W1siZiIsIjI1NTAzMCJdLFsicCIsImNvbnZlcnQiLCItcmVzaXplIDMwMHgzMDBcdTAwM2UiXV0.jpg?sha=2bd5200e9234e8ec,
California Stories,Nancy Buchanan,(American),(Female),1983,1984-09-03,http://www.moma.org/collection/works/118234,http://www.moma.org/media/W1siZiIsIjIyMDYwMiJdLFsicCIsImNvbnZlcnQiLCItcmVzaXplIDMwMHgzMDBcdTAwM2UiXV0.jpg?sha=22999661555e8123,
Anthem,Bill Viola,(American),(Male),1983,1984-07-24,http://www.moma.org/collection/works/118236,http://www.moma.org/media/W1siZiIsIjE1MTY0MiJdLFsicCIsImNvbnZlcnQiLCItcmVzaXplIDMwMHgzMDBcdTAwM2UiXV0.jpg?sha=2df22bc9ece58733,
The Commission,Woody Vasulka,(American),(Male),1983,1984-07-15,http://www.moma.org/collection/works/118238,http://www.moma.org/media/W1siZiIsIjE1MTY0MyJdLFsicCIsImNvbnZlcnQiLCItcmVzaXplIDMwMHgzMDBcdTAwM2UiXV0.jpg?sha=f554a6d71752a202,
Memories of Ancestral Power (The Moro Movement in the Solomon Islands),Bill Viola,(American),(Male),1977,1984-09-14,http://www.moma.org/collection/works/118239,http://www.moma.org/media/W1siZiIsIjE1MTY0NCJdLFsicCIsImNvbnZlcnQiLCItcmVzaXplIDMwMHgzMDBcdTAwM2UiXV0.jpg?sha=3b1b45e2834f1657,
L.A. Nickel,Branda Miller,(American),(Female),1983,1984-09-15,http://www.moma.org/collection/works/118245,,
Sabda,Daniel Reeves,(American),(Male),1984,1984-12-15,http://www.moma.org/collection/works/118246,,
White Food,Stephen Laub,(American),(Male),1983,1985-12-15,http://www.moma.org/collection/works/118247,http://www.moma.org/media/W1siZiIsIjIxNTc0NCJdLFsicCIsImNvbnZlcnQiLCItcmVzaXplIDMwMHgzMDBcdTAwM2UiXV0.jpg?sha=ed5eee338152142f,
Why Do Things Get in a Muddle? (Come on Petunia),Gary Hill,(American),(Male),1984,1985-12-16,http://www.moma.org/collection/works/118252,http://www.moma.org/media/W1siZiIsIjEzNjAyMCJdLFsicCIsImNvbnZlcnQiLCItcmVzaXplIDMwMHgzMDBcdTAwM2UiXV0.jpg?sha=53258f427f7ff4f7,
Over My Head,Toni Basil,(American),(Female),1984,1986-01-02,http://www.moma.org/collection/works/118262,,
René and Georgette Magritte With Their Dog After the War,Joan Logue,(American),(Female),1984,1986-01-02,http://www.moma.org/collection/works/118264,,
"Two Triple Cheese, Side Order of Fries",Joe Dea,(American),(Male),1979,1986-01-02,http://www.moma.org/collection/works/118272,,
The Complete Anne Frank,Dale Hoyt,(American),(Male),1985,1986-12-01,http://www.moma.org/collection/works/118280,http://www.moma.org/media/W1siZiIsIjIxNTc0NiJdLFsicCIsImNvbnZlcnQiLCItcmVzaXplIDMwMHgzMDBcdTAwM2UiXV0.jpg?sha=553020d1eede212f,
I Do Not Know What It Is I Am Like,Bill Viola,(American),(Male),1986,1986-10-07,http://www.moma.org/collection/works/118287,http://www.moma.org/media/W1siZiIsIjE1MTY0NSJdLFsicCIsImNvbnZlcnQiLCItcmVzaXplIDMwMHgzMDBcdTAwM2UiXV0.jpg?sha=a68a8863ae6d5d09,
S.HE,Bill Seaman,(American),(Male),1983,1986-01-13,http://www.moma.org/collection/works/118288,http://www.moma.org/media/W1siZiIsIjEzNjA2MyJdLFsicCIsImNvbnZlcnQiLCItcmVzaXplIDMwMHgzMDBcdTAwM2UiXV0.jpg?sha=1efc9942c031a0de,
Berlin (West)/Andere Richtungen,Stuart Sherman,(American),(Male),1986,1987-07-14,http://www.moma.org/collection/works/118292,http://www.moma.org/media/W1siZiIsIjE1MTY0NyJdLFsicCIsImNvbnZlcnQiLCItcmVzaXplIDMwMHgzMDBcdTAwM2UiXV0.jpg?sha=448bba89c9043853,
Trick or Drink,Vanalyne Green,(American),(Female),1984,1987-07-14,http://www.moma.org/collection/works/118294,,
Host,Kristin Lucas,(American),(Female),1997,1998-05-28,http://www.moma.org/collection/works/118296,http://www.moma.org/media/W1siZiIsIjEzNzY0NiJdLFsicCIsImNvbnZlcnQiLCItcmVzaXplIDMwMHgzMDBcdTAwM2UiXV0.jpg?sha=da809d0d4f9063a1,
Homage to May 19th,Mary McFerran,(American),(Female),1984,1988-01-01,http://www.moma.org/collection/works/118297,,
The Double,Ken Feingold,(American),(Male),1984,1998-03-28,http://www.moma.org/collection/works/118305,http://www.moma.org/media/W1siZiIsIjIxNDU1OCJdLFsicCIsImNvbnZlcnQiLCItcmVzaXplIDMwMHgzMDBcdTAwM2UiXV0.jpg?sha=e730ba032db67ccb,
5 dim/MIND,Ken Feingold,(American),(Male),1983,1998-03-28,http://www.moma.org/collection/works/118306,http://www.moma.org/media/W1siZiIsIjIxNDU1NyJdLFsicCIsImNvbnZlcnQiLCItcmVzaXplIDMwMHgzMDBcdTAwM2UiXV0.jpg?sha=9cfc90725a75a8e7,
Fru-Fru Le Bon Weston Goes to the South Seas,Julie Zando,(American),(Female),1983,1990-04-09,http://www.moma.org/collection/works/118312,http://www.moma.org/media/W1siZiIsIjI1MDY5NiJdLFsicCIsImNvbnZlcnQiLCItcmVzaXplIDMwMHgzMDBcdTAwM2UiXV0.jpg?sha=9a42caff14789056,
How Big is Big?,Julie Zando,(American),(Female),1984,1990-04-09,http://www.moma.org/collection/works/118315,http://www.moma.org/media/W1siZiIsIjI1MDY5NyJdLFsicCIsImNvbnZlcnQiLCItcmVzaXplIDMwMHgzMDBcdTAwM2UiXV0.jpg?sha=3f83f80aa104bea3,
I Like Girls for Friends,Julie Zando,(American),(Female),1987,1990-04-09,http://www.moma.org/collection/works/118316,http://www.moma.org/media/W1siZiIsIjI1NTA0OSJdLFsicCIsImNvbnZlcnQiLCItcmVzaXplIDMwMHgzMDBcdTAwM2UiXV0.jpg?sha=289361fb4c6b7997,
The A Ha! Experience,Julie Zando,(American),(Female),1988,1990-04-09,http://www.moma.org/collection/works/118317,http://www.moma.org/media/W1siZiIsIjE0ODIwNyJdLFsicCIsImNvbnZlcnQiLCItcmVzaXplIDMwMHgzMDBcdTAwM2UiXV0.jpg?sha=2f6af5998ef955e2,
Foto-Roman,Ken Kobland,(American),(Male),1990,2000-08-18,http://www.moma.org/collection/works/118323,http://www.moma.org/media/W1siZiIsIjE1MTY0OSJdLFsicCIsImNvbnZlcnQiLCItcmVzaXplIDMwMHgzMDBcdTAwM2UiXV0.jpg?sha=89b2c9285bdc0334,
Volcano Saga,Joan Jonas,(American),(Female),1989,1992-12-15,http://www.moma.org/collection/works/118324,http://www.moma.org/media/W1siZiIsIjEzNjAyMiJdLFsicCIsImNvbnZlcnQiLCItcmVzaXplIDMwMHgzMDBcdTAwM2UiXV0.jpg?sha=576e31495f367a3b,
Ballplayer,Chip Lord,(American),(Male),1986,1993-09-17,http://www.moma.org/collection/works/118342,http://www.moma.org/media/W1siZiIsIjI1MDcxMSJdLFsicCIsImNvbnZlcnQiLCItcmVzaXplIDMwMHgzMDBcdTAwM2UiXV0.jpg?sha=13e82918685dbcf0,
Turn Here Sweet Corn,Helen De Michiel,(American),(Female),1990,1993-08-24,http://www.moma.org/collection/works/118360,http://www.moma.org/media/W1siZiIsIjIxNDU2NCJdLFsicCIsImNvbnZlcnQiLCItcmVzaXplIDMwMHgzMDBcdTAwM2UiXV0.jpg?sha=bcbf950ac4ca913c,
Big Market,Joan Jonas,(American),(Female),1984,1994-04-15,http://www.moma.org/collection/works/118367,http://www.moma.org/media/W1siZiIsIjEzNjAyNCJdLFsicCIsImNvbnZlcnQiLCItcmVzaXplIDMwMHgzMDBcdTAwM2UiXV0.jpg?sha=402e137bc2e256c2,
He Saw Her Burning,Joan Jonas,(American),(Female),1983,1992-12-15,http://www.moma.org/collection/works/118371,http://www.moma.org/media/W1siZiIsIjEzNjAyNSJdLFsicCIsImNvbnZlcnQiLCItcmVzaXplIDMwMHgzMDBcdTAwM2UiXV0.jpg?sha=e981365396ad72ad,
Dance of Darkness,Edin Vélez,(American),(Male),1989,1998-04-23,http://www.moma.org/collection/works/118391,,
Fresh Acconci,Paul McCarthy,(American),(Male),1995,1999-08-15,http://www.moma.org/collection/works/118497,http://www.moma.org/media/W1siZiIsIjE1MTY4MSJdLFsicCIsImNvbnZlcnQiLCItcmVzaXplIDMwMHgzMDBcdTAwM2UiXV0.jpg?sha=5bd60e9523980156,
Heinz Ketchup,Paul McCarthy,(American),(Male),1974,1999-08-15,http://www.moma.org/collection/works/118498,http://www.moma.org/media/W1siZiIsIjI1MDczMSJdLFsicCIsImNvbnZlcnQiLCItcmVzaXplIDMwMHgzMDBcdTAwM2UiXV0.jpg?sha=31eee58a3c697ca2,
Female Sensibility,Lynda Benglis,(American),(Female),1973,1999-06-17,http://www.moma.org/collection/works/118499,http://www.moma.org/media/W1siZiIsIjE0ODAxOSJdLFsicCIsImNvbnZlcnQiLCItcmVzaXplIDMwMHgzMDBcdTAwM2UiXV0.jpg?sha=109ad904496aa4bc,
Collage,Lynda Benglis,(American),(Female),1973,1999-06-17,http://www.moma.org/collection/works/118501,http://www.moma.org/media/W1siZiIsIjE0ODIwOSJdLFsicCIsImNvbnZlcnQiLCItcmVzaXplIDMwMHgzMDBcdTAwM2UiXV0.jpg?sha=1112948a7b3c0e88,
Bossy Burger,Paul McCarthy,(American),(Male),1991,1999-08-15,http://www.moma.org/collection/works/118503,http://www.moma.org/media/W1siZiIsIjI1NDk4MyJdLFsicCIsImNvbnZlcnQiLCItcmVzaXplIDMwMHgzMDBcdTAwM2UiXV0.jpg?sha=3d99b8e8debccf1d,
Sailor's Meat (Sailor's Delight),Paul McCarthy,(American),(Male),1975,1999-08-15,http://www.moma.org/collection/works/118504,http://www.moma.org/media/W1siZiIsIjI1MDczMiJdLFsicCIsImNvbnZlcnQiLCItcmVzaXplIDMwMHgzMDBcdTAwM2UiXV0.jpg?sha=8d8fe608be06a280,
The Adventures of a Nurse,Eleanor Antin,(American),(Female),1976,1999-03-15,http://www.moma.org/collection/works/118510,http://www.moma.org/media/W1siZiIsIjEzNjAxMSJdLFsicCIsImNvbnZlcnQiLCItcmVzaXplIDMwMHgzMDBcdTAwM2UiXV0.jpg?sha=99d62942ec3efbe9,
Painter,Paul McCarthy,(American),(Male),1995,1999-08-15,http://www.moma.org/collection/works/118515,http://www.moma.org/media/W1siZiIsIjI1NDk4NCJdLFsicCIsImNvbnZlcnQiLCItcmVzaXplIDMwMHgzMDBcdTAwM2UiXV0.jpg?sha=c0c70601f4acf6ca,
Babalu,Tony Labat,(American),(Male),1980,2000-10-15,http://www.moma.org/collection/works/118534,http://www.moma.org/media/W1siZiIsIjIyMDU2MiJdLFsicCIsImNvbnZlcnQiLCItcmVzaXplIDMwMHgzMDBcdTAwM2UiXV0.jpg?sha=0b581a18769321c3,
2@,Tony Cokes,(American),(Male),2000,2000-10-15,http://www.moma.org/collection/works/118546,http://www.moma.org/media/W1siZiIsIjIxNzQ4MCJdLFsicCIsImNvbnZlcnQiLCItcmVzaXplIDMwMHgzMDBcdTAwM2UiXV0.jpg?sha=2197adaf694d4919,
Casual Shopper,Judith Barry,(American),(Female),1981,2000-11-30,http://www.moma.org/collection/works/118547,http://www.moma.org/media/W1siZiIsIjIyMDU2MCJdLFsicCIsImNvbnZlcnQiLCItcmVzaXplIDMwMHgzMDBcdTAwM2UiXV0.jpg?sha=bcdce3cc5206d6f2,
A Prayer for Nettie,Donigan Cumming,(American),(Male),1995,2000-10-15,http://www.moma.org/collection/works/118552,http://www.moma.org/media/W1siZiIsIjE0ODIxNCJdLFsicCIsImNvbnZlcnQiLCItcmVzaXplIDMwMHgzMDBcdTAwM2UiXV0.jpg?sha=d54fb57919926991,
Art of Memory,Woody Vasulka,(American),(Male),1987,2000-01-01,http://www.moma.org/collection/works/118561,http://www.moma.org/media/W1siZiIsIjE1MTY5OSJdLFsicCIsImNvbnZlcnQiLCItcmVzaXplIDMwMHgzMDBcdTAwM2UiXV0.jpg?sha=5bac6288c42c9386,
"Vital Statistics of a Citizen, Simply Obtained",Martha Rosler,(American),(Female),1977,2000-08-18,http://www.moma.org/collection/works/118563,http://www.moma.org/media/W1siZiIsIjE1MTcwMSJdLFsicCIsImNvbnZlcnQiLCItcmVzaXplIDMwMHgzMDBcdTAwM2UiXV0.jpg?sha=7e728e5a50437833,
In the Present,Phyllis Baldino,(American),(Female),1996,2000-08-18,http://www.moma.org/collection/works/118564,http://www.moma.org/media/W1siZiIsIjE1MTcwMiJdLFsicCIsImNvbnZlcnQiLCItcmVzaXplIDMwMHgzMDBcdTAwM2UiXV0.jpg?sha=5041a4f03a249d4e,
"Fast Trip, Long Drop",Gregg Bordowitz,(American),(Male),1993,2000-10-15,http://www.moma.org/collection/works/118566,http://www.moma.org/media/W1siZiIsIjE0ODAzNyJdLFsicCIsImNvbnZlcnQiLCItcmVzaXplIDMwMHgzMDBcdTAwM2UiXV0.jpg?sha=43ad45c351325e3d,
After Brenda,Donigan Cumming,(American),(Male),1997,2000-10-15,http://www.moma.org/collection/works/118567,http://www.moma.org/media/W1siZiIsIjE0ODIxNiJdLFsicCIsImNvbnZlcnQiLCItcmVzaXplIDMwMHgzMDBcdTAwM2UiXV0.jpg?sha=9dea6b2e79b4e5a0,
Snack and Drink,Bob Sabiston,(American),(Male),1999,2000-10-17,http://www.moma.org/collection/works/118570,http://www.moma.org/media/W1siZiIsIjIxMzk1NiJdLFsicCIsImNvbnZlcnQiLCItcmVzaXplIDMwMHgzMDBcdTAwM2UiXV0.jpg?sha=1b4d236ab42ce1a3,
Erratic Angel,Donigan Cumming,(American),(Male),1998,2000-10-15,http://www.moma.org/collection/works/118571,http://www.moma.org/media/W1siZiIsIjE0ODIxNyJdLFsicCIsImNvbnZlcnQiLCItcmVzaXplIDMwMHgzMDBcdTAwM2UiXV0.jpg?sha=8160534d10011862,
Cut the Parrot,Donigan Cumming,(American),(Male),1996,2000-10-15,http://www.moma.org/collection/works/118572,http://www.moma.org/media/W1siZiIsIjE0ODIxOCJdLFsicCIsImNvbnZlcnQiLCItcmVzaXplIDMwMHgzMDBcdTAwM2UiXV0.jpg?sha=92aebb0678ca650e,
Karaoke,Donigan Cumming,(American),(Male),1998,2000-10-15,http://www.moma.org/collection/works/118573,http://www.moma.org/media/W1siZiIsIjE0ODIxOSJdLFsicCIsImNvbnZlcnQiLCItcmVzaXplIDMwMHgzMDBcdTAwM2UiXV0.jpg?sha=c7da9b5f3bdd0aa6,
if Only I,Donigan Cumming,(American),(Male),2000,2000-10-15,http://www.moma.org/collection/works/118585,http://www.moma.org/media/W1siZiIsIjE0ODIyMCJdLFsicCIsImNvbnZlcnQiLCItcmVzaXplIDMwMHgzMDBcdTAwM2UiXV0.jpg?sha=c5be6d7dd385da9b,
Nest of Tens,Miranda July,(American),(Female),2000,2000-10-10,http://www.moma.org/collection/works/118591,http://www.moma.org/media/W1siZiIsIjE1NzU1NyJdLFsicCIsImNvbnZlcnQiLCItcmVzaXplIDMwMHgzMDBcdTAwM2UiXV0.jpg?sha=d7562ee66e3c5e29,
C-Trend,Woody Vasulka,(American),(Male),1974,2000-01-01,http://www.moma.org/collection/works/118592,http://www.moma.org/media/W1siZiIsIjE1MTcwNSJdLFsicCIsImNvbnZlcnQiLCItcmVzaXplIDMwMHgzMDBcdTAwM2UiXV0.jpg?sha=3b91fb656bcfc03e,
Sorry for the Interruption,Robert Farber,(American),(Male),1994,2001-04-09,http://www.moma.org/collection/works/118594,http://www.moma.org/media/W1siZiIsIjI1MDc0MCJdLFsicCIsImNvbnZlcnQiLCItcmVzaXplIDMwMHgzMDBcdTAwM2UiXV0.jpg?sha=5e91f7d7029c55e1,
"East Broadway & Market Street, from 19 Rainstorms",Neil Goldberg,(American),(Male),2003,2005-07-15,http://www.moma.org/collection/works/118616,http://www.moma.org/media/W1siZiIsIjIxNzQ4MSJdLFsicCIsImNvbnZlcnQiLCItcmVzaXplIDMwMHgzMDBcdTAwM2UiXV0.jpg?sha=df9bf8b0971e44d2,
"2nd Street & 2nd Avenue, from 19 Rainstorms",Neil Goldberg,(American),(Male),2003,2005-07-15,http://www.moma.org/collection/works/118617,http://www.moma.org/media/W1siZiIsIjIyMDU3NiJdLFsicCIsImNvbnZlcnQiLCItcmVzaXplIDMwMHgzMDBcdTAwM2UiXV0.jpg?sha=ae4efc0e5fefbe92,
"7th Avenue & 20th Street (1), from 19 Rainstorms",Neil Goldberg,(American),(Male),2003,2005-07-15,http://www.moma.org/collection/works/118618,http://www.moma.org/media/W1siZiIsIjIyMDU3NyJdLFsicCIsImNvbnZlcnQiLCItcmVzaXplIDMwMHgzMDBcdTAwM2UiXV0.jpg?sha=570a7a42b1ed28bf,
"11th Avenue & 23rd Street, from 19 Rainstorms",Neil Goldberg,(American),(Male),2003,2005-07-15,http://www.moma.org/collection/works/118619,http://www.moma.org/media/W1siZiIsIjIyMDU3OCJdLFsicCIsImNvbnZlcnQiLCItcmVzaXplIDMwMHgzMDBcdTAwM2UiXV0.jpg?sha=a62b4072d3ba6a42,
"21st Street & 8th Avenue, from 19 Rainstorms",Neil Goldberg,(American),(Male),2003,2005-07-15,http://www.moma.org/collection/works/118620,http://www.moma.org/media/W1siZiIsIjIyMDU3OSJdLFsicCIsImNvbnZlcnQiLCItcmVzaXplIDMwMHgzMDBcdTAwM2UiXV0.jpg?sha=e41833d08695c891,
"Avenue C & 22nd Street, from 19 Rainstorms",Neil Goldberg,(American),(Male),2003,2005-07-15,http://www.moma.org/collection/works/118621,http://www.moma.org/media/W1siZiIsIjIyMDU4MCJdLFsicCIsImNvbnZlcnQiLCItcmVzaXplIDMwMHgzMDBcdTAwM2UiXV0.jpg?sha=35fa4907d5e37da9,
"7th Street between 1st Avenue and Avenue A, from 19 Rainstorms",Neil Goldberg,(American),(Male),2003,2005-07-15,http://www.moma.org/collection/works/118622,http://www.moma.org/media/W1siZiIsIjIyMDU4MSJdLFsicCIsImNvbnZlcnQiLCItcmVzaXplIDMwMHgzMDBcdTAwM2UiXV0.jpg?sha=c6d930b8f5289310,
"4th Avenue near 11th Street, from 19 Rainstorms",Neil Goldberg,(American),(Male),2003,2005-07-15,http://www.moma.org/collection/works/118623,http://www.moma.org/media/W1siZiIsIjIyMDU4MiJdLFsicCIsImNvbnZlcnQiLCItcmVzaXplIDMwMHgzMDBcdTAwM2UiXV0.jpg?sha=74e749a91205e94d,
"Broadway near 23rd Street (1), from 19 Rainstorms",Neil Goldberg,(American),(Male),2003,2005-07-15,http://www.moma.org/collection/works/118624,http://www.moma.org/media/W1siZiIsIjIyMDU4MyJdLFsicCIsImNvbnZlcnQiLCItcmVzaXplIDMwMHgzMDBcdTAwM2UiXV0.jpg?sha=9c1cc3e7df860eda,
"14th Street near Avenue A, from 19 Rainstorms",Neil Goldberg,(American),(Male),2003,2005-07-15,http://www.moma.org/collection/works/118625,http://www.moma.org/media/W1siZiIsIjIyMDU2NSJdLFsicCIsImNvbnZlcnQiLCItcmVzaXplIDMwMHgzMDBcdTAwM2UiXV0.jpg?sha=a8cd177062d1efee,
"FDR Drive & 23rd Street, from 19 Rainstorms",Neil Goldberg,(American),(Male),2003,2005-07-15,http://www.moma.org/collection/works/118626,http://www.moma.org/media/W1siZiIsIjIyMDU2NiJdLFsicCIsImNvbnZlcnQiLCItcmVzaXplIDMwMHgzMDBcdTAwM2UiXV0.jpg?sha=d204d79e3bca63fd,
"Fifth Avenue near 19th Street, from 19 Rainstorms",Neil Goldberg,(American),(Male),2003,2005-07-15,http://www.moma.org/collection/works/118627,http://www.moma.org/media/W1siZiIsIjIyMDU2NyJdLFsicCIsImNvbnZlcnQiLCItcmVzaXplIDMwMHgzMDBcdTAwM2UiXV0.jpg?sha=4d6357e63b5e1f6c,
"Broadway near 23rd Street (2), from 19 Rainstorms",Neil Goldberg,(American),(Male),2003,2005-07-15,http://www.moma.org/collection/works/118628,http://www.moma.org/media/W1siZiIsIjIyMDU2OCJdLFsicCIsImNvbnZlcnQiLCItcmVzaXplIDMwMHgzMDBcdTAwM2UiXV0.jpg?sha=2d35e51fe187941d,
"7th Avenue & 20th Street (2), from 19 Rainstorms",Neil Goldberg,(American),(Male),2003,2005-07-15,http://www.moma.org/collection/works/118629,http://www.moma.org/media/W1siZiIsIjIyMDU2OSJdLFsicCIsImNvbnZlcnQiLCItcmVzaXplIDMwMHgzMDBcdTAwM2UiXV0.jpg?sha=ee97bfce0f3df317,
"11th Avenue & 26th Street, from 19 Rainstorms",Neil Goldberg,(American),(Male),2003,2005-07-15,http://www.moma.org/collection/works/118630,http://www.moma.org/media/W1siZiIsIjIyMDU3MCJdLFsicCIsImNvbnZlcnQiLCItcmVzaXplIDMwMHgzMDBcdTAwM2UiXV0.jpg?sha=d12bfadf9658b17e,
"Broadway near 32nd Street, from 19 Rainstorms",Neil Goldberg,(American),(Male),2003,2005-07-15,http://www.moma.org/collection/works/118631,http://www.moma.org/media/W1siZiIsIjIyMDU3MSJdLFsicCIsImNvbnZlcnQiLCItcmVzaXplIDMwMHgzMDBcdTAwM2UiXV0.jpg?sha=c241185752552826,
"Canal Street near Eldridge Street, from 19 Rainstorms",Neil Goldberg,(American),(Male),2003,2005-07-15,http://www.moma.org/collection/works/118632,http://www.moma.org/media/W1siZiIsIjIyMDU3MiJdLFsicCIsImNvbnZlcnQiLCItcmVzaXplIDMwMHgzMDBcdTAwM2UiXV0.jpg?sha=0ad092eec4687128,
"Division Street near Market Street, from 19 Rainstorms",Neil Goldberg,(American),(Male),2003,2005-07-15,http://www.moma.org/collection/works/118633,http://www.moma.org/media/W1siZiIsIjIyMDU3MyJdLFsicCIsImNvbnZlcnQiLCItcmVzaXplIDMwMHgzMDBcdTAwM2UiXV0.jpg?sha=1ce6c21da694939a,
"23rd Street & 3rd Avenue, from 19 Rainstorms",Neil Goldberg,(American),(Male),2003,2005-07-15,http://www.moma.org/collection/works/118634,http://www.moma.org/media/W1siZiIsIjIyMDU3NCJdLFsicCIsImNvbnZlcnQiLCItcmVzaXplIDMwMHgzMDBcdTAwM2UiXV0.jpg?sha=3ed7b3934fe51461,
Nailed,Angel Velasco Shaw,(American),(Female),1992,2005-08-15,http://www.moma.org/collection/works/118635,http://www.moma.org/media/W1siZiIsIjIxNTc3MiJdLFsicCIsImNvbnZlcnQiLCItcmVzaXplIDMwMHgzMDBcdTAwM2UiXV0.jpg?sha=5485b4f8e0f1401d,
Soundings,Gary Hill,(American),(Male),1979,1994-07-25,http://www.moma.org/collection/works/119077,http://www.moma.org/media/W1siZiIsIjE1MTcwNyJdLFsicCIsImNvbnZlcnQiLCItcmVzaXplIDMwMHgzMDBcdTAwM2UiXV0.jpg?sha=b205dc3330548297,
Ancient of Days,Bill Viola,(American),(Male),1981,1982-10-18,http://www.moma.org/collection/works/119078,http://www.moma.org/media/W1siZiIsIjE1MTcxMSJdLFsicCIsImNvbnZlcnQiLCItcmVzaXplIDMwMHgzMDBcdTAwM2UiXV0.jpg?sha=178de01afbcd074a,
"Free, White and 21",Howardena Pindell,(American),(Female),1980,2008-06-11,http://www.moma.org/collection/works/119105,http://www.moma.org/media/W1siZiIsIjE1MzkwMSJdLFsicCIsImNvbnZlcnQiLCItcmVzaXplIDMwMHgzMDBcdTAwM2UiXV0.jpg?sha=679e83db9c0904bb,
How's Tricks,Lynda Benglis,(American),(Female),1976,2008-06-11,http://www.moma.org/collection/works/119300,http://www.moma.org/media/W1siZiIsIjE1MTU3MSJdLFsicCIsImNvbnZlcnQiLCItcmVzaXplIDMwMHgzMDBcdTAwM2UiXV0.jpg?sha=4b95e5d19731af48,
Monitor,Lynda Benglis,(American),(Female),1999,2008-06-11,http://www.moma.org/collection/works/119301,http://www.moma.org/media/W1siZiIsIjE1MTU2OSJdLFsicCIsImNvbnZlcnQiLCItcmVzaXplIDMwMHgzMDBcdTAwM2UiXV0.jpg?sha=e6c6a2041acb6b89,
The Amazing Bow Wow,Lynda Benglis,(American),(Female),1976,2008-06-11,http://www.moma.org/collection/works/119303,http://www.moma.org/media/W1siZiIsIjE1MTU3MCJdLFsicCIsImNvbnZlcnQiLCItcmVzaXplIDMwMHgzMDBcdTAwM2UiXV0.jpg?sha=630bbbbbe51f6345,
Lost Loose Ends,Alex Hubbard,(American),(Male),2008,2008-06-11,http://www.moma.org/collection/works/119318,http://www.moma.org/media/W1siZiIsIjE0MDY2NyJdLFsicCIsImNvbnZlcnQiLCItcmVzaXplIDMwMHgzMDBcdTAwM2UiXV0.jpg?sha=4dfd291756a9ae1f,
Greetings from Out Here,Ellen Spiro,(American),(Female),1993,2000-11-15,http://www.moma.org/collection/works/120115,http://www.moma.org/media/W1siZiIsIjE0Nzk5NiJdLFsicCIsImNvbnZlcnQiLCItcmVzaXplIDMwMHgzMDBcdTAwM2UiXV0.jpg?sha=c3be6114e7f76e74,
"Consider Anything, Only Don't Cry",Helen De Michiel,(American),(Female),1988,1993-07-29,http://www.moma.org/collection/works/120116,http://www.moma.org/media/W1siZiIsIjIxNDU2MyJdLFsicCIsImNvbnZlcnQiLCItcmVzaXplIDMwMHgzMDBcdTAwM2UiXV0.jpg?sha=bb5e66cd4f7400ca,
Heroics: Definitions,Sara Diamond,(American),(Female),1984,1988-12-05,http://www.moma.org/collection/works/120135,,
Flying Morning Glory (on fire),Skip Blumberg,(American),(Male),1985,2003-04-10,http://www.moma.org/collection/works/120136,,
Around & About,Gary Hill,(American),(Male),1980,1999-08-05,http://www.moma.org/collection/works/120137,http://www.moma.org/media/W1siZiIsIjE1MTU4OSJdLFsicCIsImNvbnZlcnQiLCItcmVzaXplIDMwMHgzMDBcdTAwM2UiXV0.jpg?sha=c42595e07f2982c4,
Personal Service Announcement: Military Research,Laurie Anderson,(American),(Female),1990,1990-09-15,http://www.moma.org/collection/works/120148,http://www.moma.org/media/W1siZiIsIjIyMDYxNyJdLFsicCIsImNvbnZlcnQiLCItcmVzaXplIDMwMHgzMDBcdTAwM2UiXV0.jpg?sha=9759b40b76959dcd,
TULE: The Cuna Indians of San Blas,Edin Vélez,(American),(Male),1978,1984-09-19,http://www.moma.org/collection/works/120152,,
Viva Magritte,Ros Barron,(American),(Female),1983,1984-09-01,http://www.moma.org/collection/works/120158,http://www.moma.org/media/W1siZiIsIjIxNTc0NyJdLFsicCIsImNvbnZlcnQiLCItcmVzaXplIDMwMHgzMDBcdTAwM2UiXV0.jpg?sha=c26f3473c869078b,
Incidence of Catastrophe,Gary Hill,(American),(Male),1988,1999-08-05,http://www.moma.org/collection/works/120171,http://www.moma.org/media/W1siZiIsIjExMzAyMSJdLFsicCIsImNvbnZlcnQiLCItcmVzaXplIDMwMHgzMDBcdTAwM2UiXV0.jpg?sha=4356c14a83ec6c9e,
Lost in the Translation,Tony Labat,(American),(Male),1984,1986-07-03,http://www.moma.org/collection/works/120204,http://www.moma.org/media/W1siZiIsIjIyMDU5NiJdLFsicCIsImNvbnZlcnQiLCItcmVzaXplIDMwMHgzMDBcdTAwM2UiXV0.jpg?sha=63835cc341a08f0f,
The Weak Bullet,Tony Oursler,(American),(Male),1980,1994-09-28,http://www.moma.org/collection/works/120237,http://www.moma.org/media/W1siZiIsIjI1MDcwNSJdLFsicCIsImNvbnZlcnQiLCItcmVzaXplIDMwMHgzMDBcdTAwM2UiXV0.jpg?sha=ec331d4a871d43e3,
Virtual Play: The Double Direct Monkey Wrench in Black's Machinery,Steve Fagin,(American),(Male),1984,1986-01-13,http://www.moma.org/collection/works/120247,http://www.moma.org/media/W1siZiIsIjI1NTAyMyJdLFsicCIsImNvbnZlcnQiLCItcmVzaXplIDMwMHgzMDBcdTAwM2UiXV0.jpg?sha=87320bd8018c0180,
Cape May: End of the Season,Maxi Cohen,(American),(Female),1981,2000-10-02,http://www.moma.org/collection/works/120260,,
"Better, Stronger",Ed Bowes,(American),(Male),1979,1991-04-15,http://www.moma.org/collection/works/120268,http://www.moma.org/media/W1siZiIsIjI1MDY1MyJdLFsicCIsImNvbnZlcnQiLCItcmVzaXplIDMwMHgzMDBcdTAwM2UiXV0.jpg?sha=34ce75e2bd0e0b28,
"BAM, BAM, BAM...",Alix Pearlstein,(American),(Female),1994,2000-10-02,http://www.moma.org/collection/works/120277,http://www.moma.org/media/W1siZiIsIjE1MTYwNCJdLFsicCIsImNvbnZlcnQiLCItcmVzaXplIDMwMHgzMDBcdTAwM2UiXV0.jpg?sha=7baea2dbcae8972f,
Not For Sale: Feminism and Art in the USA during the 1970s,Laura Cottingham,(American),(Female),1998,2001-01-09,http://www.moma.org/collection/works/120279,http://www.moma.org/media/W1siZiIsIjI1MDczOSJdLFsicCIsImNvbnZlcnQiLCItcmVzaXplIDMwMHgzMDBcdTAwM2UiXV0.jpg?sha=9cb1bf28c5f072b9,
Because We Must,Charles Atlas,(American),(Male),1989,2000-10-15,http://www.moma.org/collection/works/120280,http://www.moma.org/media/W1siZiIsIjE1MTYwNSJdLFsicCIsImNvbnZlcnQiLCItcmVzaXplIDMwMHgzMDBcdTAwM2UiXV0.jpg?sha=878628ab965f2e91,
Welcome to the Wadsworth: A Museum Tour,Andrea Fraser,(American),(Female),1991,1999-09-27,http://www.moma.org/collection/works/120285,http://www.moma.org/media/W1siZiIsIjIyMDU1NyJdLFsicCIsImNvbnZlcnQiLCItcmVzaXplIDMwMHgzMDBcdTAwM2UiXV0.jpg?sha=7ce8bdeb914aaad9,
Three Drugs,Chip Lord,(American),(Male),1983,1993-09-17,http://www.moma.org/collection/works/120293,,
Celebrity Author,Chip Lord,(American),(Male),1977,1993-09-17,http://www.moma.org/collection/works/120294,http://www.moma.org/media/W1siZiIsIjI1MDcwNiJdLFsicCIsImNvbnZlcnQiLCItcmVzaXplIDMwMHgzMDBcdTAwM2UiXV0.jpg?sha=f2766273ab0d4b7c,
The Executive Air Traveler,Chip Lord,(American),(Male),1979,1993-09-17,http://www.moma.org/collection/works/120295,http://www.moma.org/media/W1siZiIsIjI1MDcwNyJdLFsicCIsImNvbnZlcnQiLCItcmVzaXplIDMwMHgzMDBcdTAwM2UiXV0.jpg?sha=459faee5580b195b,
Bi-Coastal,Chip Lord,(American),(Male),1983,1993-09-17,http://www.moma.org/collection/works/120298,http://www.moma.org/media/W1siZiIsIjI1MDcwOSJdLFsicCIsImNvbnZlcnQiLCItcmVzaXplIDMwMHgzMDBcdTAwM2UiXV0.jpg?sha=ae87acf3e4d1f370,
Motorist,Chip Lord,(American),(Male),1989,1994-06-06,http://www.moma.org/collection/works/120299,http://www.moma.org/media/W1siZiIsIjI1MDcwMiJdLFsicCIsImNvbnZlcnQiLCItcmVzaXplIDMwMHgzMDBcdTAwM2UiXV0.jpg?sha=9b2f826b47ddc7f5,
AUTO FIRE LIFE,Chip Lord,(American),(Male),1984,1993-09-17,http://www.moma.org/collection/works/120300,http://www.moma.org/media/W1siZiIsIjI1MDcxMCJdLFsicCIsImNvbnZlcnQiLCItcmVzaXplIDMwMHgzMDBcdTAwM2UiXV0.jpg?sha=bee90805d7aa808d,
Wandawega Waters,Dan Sandin,(American),(Male),1979,1981-11-16,http://www.moma.org/collection/works/120308,http://www.moma.org/media/W1siZiIsIjIyMDYyMiJdLFsicCIsImNvbnZlcnQiLCItcmVzaXplIDMwMHgzMDBcdTAwM2UiXV0.jpg?sha=a21fb0870ffd5525,
Ice Cream for Crow,Captain Beefheart (Don Van Vliet),(American),(Male),1982,1982-11-16,http://www.moma.org/collection/works/120309,,
How to Fly,Ed Bowes,(American),(Male),1980,1991-04-15,http://www.moma.org/collection/works/120310,http://www.moma.org/media/W1siZiIsIjIyMTc5MCJdLFsicCIsImNvbnZlcnQiLCItcmVzaXplIDMwMHgzMDBcdTAwM2UiXV0.jpg?sha=aa462304001f2871,
Meaning of the Interval,Edin Vélez,(American),(Male),1987,1989-12-22,http://www.moma.org/collection/works/120311,http://www.moma.org/media/W1siZiIsIjIyMTc4NiJdLFsicCIsImNvbnZlcnQiLCItcmVzaXplIDMwMHgzMDBcdTAwM2UiXV0.jpg?sha=fecebd6c3a3cbe19,
I Need Your Full Cooperation,Kathy High,(American),(Female),1989,1990-10-18,http://www.moma.org/collection/works/120329,http://www.moma.org/media/W1siZiIsIjE0ODAwNCJdLFsicCIsImNvbnZlcnQiLCItcmVzaXplIDMwMHgzMDBcdTAwM2UiXV0.jpg?sha=a6594725f39eae16,
Personal Service Announcement: TV Lunch,Laurie Anderson,(American),(Female),1990,1990-09-15,http://www.moma.org/collection/works/120332,http://www.moma.org/media/W1siZiIsIjIyMDYxNCJdLFsicCIsImNvbnZlcnQiLCItcmVzaXplIDMwMHgzMDBcdTAwM2UiXV0.jpg?sha=23febab676abf00c,
Personal Service Announcement: National Anthem,Laurie Anderson,(American),(Female),1990,1990-09-15,http://www.moma.org/collection/works/120333,http://www.moma.org/media/W1siZiIsIjIyMDYxNSJdLFsicCIsImNvbnZlcnQiLCItcmVzaXplIDMwMHgzMDBcdTAwM2UiXV0.jpg?sha=fb7dfe9010227783,
Personal Service Announcement: National Debt,Laurie Anderson,(American),(Female),1990,1990-09-15,http://www.moma.org/collection/works/120334,http://www.moma.org/media/W1siZiIsIjIyMDYxNiJdLFsicCIsImNvbnZlcnQiLCItcmVzaXplIDMwMHgzMDBcdTAwM2UiXV0.jpg?sha=f53902789822c095,
Personal Service Announcement: Women and Money,Laurie Anderson,(American),(Female),1990,1990-09-15,http://www.moma.org/collection/works/120335,http://www.moma.org/media/W1siZiIsIjIyMDYxOCJdLFsicCIsImNvbnZlcnQiLCItcmVzaXplIDMwMHgzMDBcdTAwM2UiXV0.jpg?sha=c52e594a23a608ce,
Personal Service Announcement: Jerry Rigging,Laurie Anderson,(American),(Female),1990,1990-09-15,http://www.moma.org/collection/works/120336,http://www.moma.org/media/W1siZiIsIjIyMDYxOSJdLFsicCIsImNvbnZlcnQiLCItcmVzaXplIDMwMHgzMDBcdTAwM2UiXV0.jpg?sha=2adcee36ab97b1e4,
Casting Fair Ophelia,Mark Magill,(American),(Male),1985,1989-12-22,http://www.moma.org/collection/works/120351,http://www.moma.org/media/W1siZiIsIjIyMTc4NCJdLFsicCIsImNvbnZlcnQiLCItcmVzaXplIDMwMHgzMDBcdTAwM2UiXV0.jpg?sha=68f71ad57433aa48,
All Star Video (with Ryuichi Sakamoto),Nam June Paik,(American),(Male),1984,1999-03-15,http://www.moma.org/collection/works/120357,,
An End to All Our Dreams,Nancy Buchanan,(American),(Female),1982,1990-10-01,http://www.moma.org/collection/works/120358,http://www.moma.org/media/W1siZiIsIjIyMDYyMCJdLFsicCIsImNvbnZlcnQiLCItcmVzaXplIDMwMHgzMDBcdTAwM2UiXV0.jpg?sha=e8ede3a6e93adfd9,
Funky Squaredance,Roman Coppola,(American),(Male),2002,2003-07-07,http://www.moma.org/collection/works/120374,,
Media Hostages: Unset Blvd,Branda Miller,(American),(Female),1985,1993-09-17,http://www.moma.org/collection/works/120405,http://www.moma.org/media/W1siZiIsIjE1MTczMyJdLFsicCIsImNvbnZlcnQiLCItcmVzaXplIDMwMHgzMDBcdTAwM2UiXV0.jpg?sha=3fb3bdc55bf96cf0,
Truth Through Mass Individuation,Bill Viola,(American),(Male),1976,1979-02-05,http://www.moma.org/collection/works/120409,http://www.moma.org/media/W1siZiIsIjE1MTYyMyJdLFsicCIsImNvbnZlcnQiLCItcmVzaXplIDMwMHgzMDBcdTAwM2UiXV0.jpg?sha=4d15296e35d24392,
Songs of Innocence,Bill Viola,(American),(Male),1976,1979-02-05,http://www.moma.org/collection/works/120410,http://www.moma.org/media/W1siZiIsIjE1MTYyNCJdLFsicCIsImNvbnZlcnQiLCItcmVzaXplIDMwMHgzMDBcdTAwM2UiXV0.jpg?sha=936e9f9d0ff34531,
Junkyard Levitation,Bill Viola,(American),(Male),1976,1979-02-05,http://www.moma.org/collection/works/120411,http://www.moma.org/media/W1siZiIsIjE1MTYyNSJdLFsicCIsImNvbnZlcnQiLCItcmVzaXplIDMwMHgzMDBcdTAwM2UiXV0.jpg?sha=ddea4890ade74df2,
The Reflecting Pool,Bill Viola,(American),(Male),1979,1982-10-18,http://www.moma.org/collection/works/120413,http://www.moma.org/media/W1siZiIsIjE1MTcwOCJdLFsicCIsImNvbnZlcnQiLCItcmVzaXplIDMwMHgzMDBcdTAwM2UiXV0.jpg?sha=8db3ff1db55ba3e3,
Moonblood,Bill Viola,(American),(Male),1979,1982-10-18,http://www.moma.org/collection/works/120414,http://www.moma.org/media/W1siZiIsIjE1MTcwOSJdLFsicCIsImNvbnZlcnQiLCItcmVzaXplIDMwMHgzMDBcdTAwM2UiXV0.jpg?sha=02ed9e6689474c31,
Silent Life,Bill Viola,(American),(Male),1979,1982-10-18,http://www.moma.org/collection/works/120415,http://www.moma.org/media/W1siZiIsIjE1MTcxMCJdLFsicCIsImNvbnZlcnQiLCItcmVzaXplIDMwMHgzMDBcdTAwM2UiXV0.jpg?sha=030de9712b1967c8,
Vegetable Memory,Bill Viola,(American),(Male),1980,1982-10-18,http://www.moma.org/collection/works/120416,http://www.moma.org/media/W1siZiIsIjE1MTcxMiJdLFsicCIsImNvbnZlcnQiLCItcmVzaXplIDMwMHgzMDBcdTAwM2UiXV0.jpg?sha=8087e9be8204e759,
WGG Test from Point of View: An Anthology of the Moving Image,Paul McCarthy,(American),(Male),2003,2005-10-15,http://www.moma.org/collection/works/120436,http://www.moma.org/media/W1siZiIsIjE1MTcyNyJdLFsicCIsImNvbnZlcnQiLCItcmVzaXplIDMwMHgzMDBcdTAwM2UiXV0.jpg?sha=ac166932540ec3ef,
Waltz from Point of View: An Anthology of the Moving Image,Joan Jonas,(American),(Female),2003,2005-10-15,http://www.moma.org/collection/works/120440,http://www.moma.org/media/W1siZiIsIjE1MTcyNSJdLFsicCIsImNvbnZlcnQiLCItcmVzaXplIDMwMHgzMDBcdTAwM2UiXV0.jpg?sha=27b1fc013d8dd628,
Big Mouth Strikes Again,Robert Beck,(American),(Male),1995,2000-10-15,http://www.moma.org/collection/works/120446,,
Panic,Robert Beck,(American),(Male),1996,2000-10-15,http://www.moma.org/collection/works/120447,,
Girlfriend in a Coma,Robert Beck,(American),(Male),1998,2000-10-15,http://www.moma.org/collection/works/120448,,
Air Pressure (Hand) from Program Seven,Dennis Oppenheim,(American),(Male),1971,1997-07-01,,,
Returning to Fuji,Nan Hoover,(American),(Female),1984,1983-06-07,http://www.moma.org/collection/works/120526,,
Landscape,Nan Hoover,(American),(Female),1983,1983-06-07,http://www.moma.org/collection/works/120528,,
Halfsleep,Nan Hoover,(American),(Female),1984,1983-06-07,http://www.moma.org/collection/works/120529,,
Eye Watching,Nan Hoover,(American),(Female),1984,1983-06-07,http://www.moma.org/collection/works/120530,,
Sunstone,Ed Emshwiller,(American),(Male),1979,1980-03-25,http://www.moma.org/collection/works/120542,,
Crossings and Meetings,Ed Emshwiller,(American),(Male),1974,1976-11-10,http://www.moma.org/collection/works/120543,,
Sharkey's Day,Laurie Anderson,(American),(Female),1984,1986-01-02,http://www.moma.org/collection/works/120544,http://www.moma.org/media/W1siZiIsIjIyMDU5MyJdLFsicCIsImNvbnZlcnQiLCItcmVzaXplIDMwMHgzMDBcdTAwM2UiXV0.jpg?sha=daee10a5f96e03d6,
Pilobolus and Joan,Ed Emshwiller,(American),(Male),1973,1998-05-12,http://www.moma.org/collection/works/120558,http://www.moma.org/media/W1siZiIsIjI1MTY2NCJdLFsicCIsImNvbnZlcnQiLCItcmVzaXplIDMwMHgzMDBcdTAwM2UiXV0.jpg?sha=6c419d84db013815,
Perfect Leader,Max Almy,(American),(Female),1983,1984-09-01,http://www.moma.org/collection/works/120562,,
Roam Sweet Home,Ellen Spiro,(American),(Female),1996,2000-11-15,http://www.moma.org/collection/works/120566,http://www.moma.org/media/W1siZiIsIjE0ODA0OSJdLFsicCIsImNvbnZlcnQiLCItcmVzaXplIDMwMHgzMDBcdTAwM2UiXV0.jpg?sha=cd78de013a6213ba,
Kikiriki,Tony Labat,(American),(Male),1983,1984-09-01,http://www.moma.org/collection/works/120574,http://www.moma.org/media/W1siZiIsIjIyMDYwNCJdLFsicCIsImNvbnZlcnQiLCItcmVzaXplIDMwMHgzMDBcdTAwM2UiXV0.jpg?sha=b915ef52728cf114,
The 21st Annual World Eskimo-Indian Olympics,Skip Blumberg,(American),(Male),1983,2003-04-10,http://www.moma.org/collection/works/120577,,
Carmen,Laurie Anderson,(American),(Female),1991,2002-01-01,http://www.moma.org/collection/works/120578,,
Elephant Games,Skip Blumberg,(American),(Male),1985,2003-04-10,http://www.moma.org/collection/works/120587,,
Earle Murphy's Winter Olympics,Skip Blumberg,(American),(Male),1980,2003-03-24,http://www.moma.org/collection/works/120598,,
Spin Out,Tony Oursler,(American),(Male),1983,1984-09-15,http://www.moma.org/collection/works/120603,,
Interviews with Interviewers...about Interviewing,Skip Blumberg,(American),(Male),1985,2003-03-24,http://www.moma.org/collection/works/120608,,
Primarily Speaking,Gary Hill,(American),(Male),1983,1999-08-05,http://www.moma.org/collection/works/120614,http://www.moma.org/media/W1siZiIsIjE1MTc4OSJdLFsicCIsImNvbnZlcnQiLCItcmVzaXplIDMwMHgzMDBcdTAwM2UiXV0.jpg?sha=bbf188b80e3b32da,
Possibly in Michigan,Cecelia Condit,(American),(Female),1983,1984-07-23,http://www.moma.org/collection/works/120621,,
Nation,Tom Kalin,(American),(Male),1992,2000-10-15,http://www.moma.org/collection/works/120711,http://www.moma.org/media/W1siZiIsIjE0ODAwOSJdLFsicCIsImNvbnZlcnQiLCItcmVzaXplIDMwMHgzMDBcdTAwM2UiXV0.jpg?sha=44b9dc4f67bdaf59,
Information Gladly Given but Safety Requires Unnecessary Conversation,Tom Kalin,(American),(Male),1995,2000-10-15,http://www.moma.org/collection/works/120715,http://www.moma.org/media/W1siZiIsIjE0ODAxNCJdLFsicCIsImNvbnZlcnQiLCItcmVzaXplIDMwMHgzMDBcdTAwM2UiXV0.jpg?sha=188902d4d4c38b25,
Give Me Your Future,Tom Kalin,(American),(Male),1999,2000-10-15,http://www.moma.org/collection/works/120718,http://www.moma.org/media/W1siZiIsIjE0ODAxNiJdLFsicCIsImNvbnZlcnQiLCItcmVzaXplIDMwMHgzMDBcdTAwM2UiXV0.jpg?sha=7ae358c3d09588a0,
"Elke Allowing the Floor to Rise Up Over Her, Face Up",Bruce Nauman,(American),(Male),1973,2008-10-08,http://www.moma.org/collection/works/122029,http://www.moma.org/media/W1siZiIsIjE1MjU1NiJdLFsicCIsImNvbnZlcnQiLCItcmVzaXplIDMwMHgzMDBcdTAwM2UiXV0.jpg?sha=eb1cc34760c9ba2b,
Floating Island to Travel Around Manhattan Island,Robert Smithson,(American),(Male),2005,2008-10-08,http://www.moma.org/collection/works/122036,,
I Want to Live in the Country (And Other Romances),Joan Jonas,(American),(Female),1976,1992-02-15,http://www.moma.org/collection/works/122316,,
Upsidedown and Backwards,Joan Jonas,(American),(Female),1980,1992-02-15,http://www.moma.org/collection/works/122319,,
A Tribute to John Cage,Nam June Paik,(American),(Male),1976,1992-02-15,http://www.moma.org/collection/works/122335,,
Good Morning Mr. Orwell,Nam June Paik,(American),(Male),1984,1992-02-15,http://www.moma.org/collection/works/122336,http://www.moma.org/media/W1siZiIsIjIxMzkyNiJdLFsicCIsImNvbnZlcnQiLCItcmVzaXplIDMwMHgzMDBcdTAwM2UiXV0.jpg?sha=4303d413179e88eb,
In the Planet of the Eye,Rita Myers,(American),(Female),1984,1984-12-01,http://www.moma.org/collection/works/122338,,
Fox in the Mirror: Concert,Liliana Porter,(American),(Female),2007,2009-01-13,http://www.moma.org/collection/works/126294,http://www.moma.org/media/W1siZiIsIjE1MDY4MiJdLFsicCIsImNvbnZlcnQiLCItcmVzaXplIDMwMHgzMDBcdTAwM2UiXV0.jpg?sha=294531e7d62b9bc8,
Museum Highlights: A Gallery Talk,Andrea Fraser,(American),(Female),1989,1999-09-27,http://www.moma.org/collection/works/128768,http://www.moma.org/media/W1siZiIsIjIyMDU1OCJdLFsicCIsImNvbnZlcnQiLCItcmVzaXplIDMwMHgzMDBcdTAwM2UiXV0.jpg?sha=9e81fca91f0ef75e,
Face of the Earth,Vito Acconci,(American),(Male),1974,2009-11-19,http://www.moma.org/collection/works/131020,,
Open Book,Vito Acconci,(American),(Male),1974,2009-11-19,http://www.moma.org/collection/works/131021,,
The Body Song,Jonathan Horowitz,(American),(Male),1997,2009-11-19,http://www.moma.org/collection/works/131028,http://www.moma.org/media/W1siZiIsIjE3MzQzNyJdLFsicCIsImNvbnZlcnQiLCItcmVzaXplIDMwMHgzMDBcdTAwM2UiXV0.jpg?sha=0289247263388571,
I Thought It Was You,Ryan McNamara,(American),(Male),2008,2009-11-19,http://www.moma.org/collection/works/131031,http://www.moma.org/media/W1siZiIsIjE4OTQzMCJdLFsicCIsImNvbnZlcnQiLCItcmVzaXplIDMwMHgzMDBcdTAwM2UiXV0.jpg?sha=1e4f79a4ec4b9d94,
Green Pink Caviar,Marilyn Minter,(American),(Female),2009,2009-11-19,http://www.moma.org/collection/works/132420,http://www.moma.org/media/W1siZiIsIjE3MzQzOSJdLFsicCIsImNvbnZlcnQiLCItcmVzaXplIDMwMHgzMDBcdTAwM2UiXV0.jpg?sha=b8b94b2e00c1dfc0,
Nieuw Jacxz Swinjge,Seth Price,(American),(Male),2002,2011-01-12,http://www.moma.org/collection/works/142794,,
Official Welcome,Andrea Fraser,(American),(Female),2003,2011-01-12,http://www.moma.org/collection/works/143751,http://www.moma.org/media/W1siZiIsIjIyMDk3OCJdLFsicCIsImNvbnZlcnQiLCItcmVzaXplIDMwMHgzMDBcdTAwM2UiXV0.jpg?sha=9279de31e1799658,
Eine Einführung In Das Sprengel Museum Hannover (An Introduction to the Sprengel Museum Hannover),Andrea Fraser,(American),(Female),1998,2011-01-12,http://www.moma.org/collection/works/143754,http://www.moma.org/media/W1siZiIsIjIyMTAzMiJdLFsicCIsImNvbnZlcnQiLCItcmVzaXplIDMwMHgzMDBcdTAwM2UiXV0.jpg?sha=1128d5cf0ab45681,
"Reporting from São Paulo, I'm from the United States",Andrea Fraser,(American),(Female),1998,2011-01-12,http://www.moma.org/collection/works/143756,http://www.moma.org/media/W1siZiIsIjIyMTAzMyJdLFsicCIsImNvbnZlcnQiLCItcmVzaXplIDMwMHgzMDBcdTAwM2UiXV0.jpg?sha=f62688dde998cc1b,
Inaugural Speech,Andrea Fraser,(American),(Female),1997,2011-01-12,http://www.moma.org/collection/works/143757,http://www.moma.org/media/W1siZiIsIjIyMTA0MCJdLFsicCIsImNvbnZlcnQiLCItcmVzaXplIDMwMHgzMDBcdTAwM2UiXV0.jpg?sha=a36df16224ca5b48,
Una Introducció a la Fundació Tàpies (An Introduction to The Antoni Tàpies Foundation),Andrea Fraser,(American),(Female),1995,2011-01-12,http://www.moma.org/collection/works/143762,http://www.moma.org/media/W1siZiIsIjIyMTA0NSJdLFsicCIsImNvbnZlcnQiLCItcmVzaXplIDMwMHgzMDBcdTAwM2UiXV0.jpg?sha=6b80fe9792fa3de0,
Temporarily Possessed,Andrea Fraser,(American),(Female),1995,2011-01-12,http://www.moma.org/collection/works/143763,http://www.moma.org/media/W1siZiIsIjIyMTA0NyJdLFsicCIsImNvbnZlcnQiLCItcmVzaXplIDMwMHgzMDBcdTAwM2UiXV0.jpg?sha=3c5912bb14fa53c6,
Das Ästhetische Feld (The Aesthetic Field),Andrea Fraser,(American),(Female),1993,2011-01-12,http://www.moma.org/collection/works/143764,http://www.moma.org/media/W1siZiIsIjIyMTA0OSJdLFsicCIsImNvbnZlcnQiLCItcmVzaXplIDMwMHgzMDBcdTAwM2UiXV0.jpg?sha=8b1eea048191d04e,
May I Help You?,Andrea Fraser,(American),(Female),1991,2011-01-12,http://www.moma.org/collection/works/143765,http://www.moma.org/media/W1siZiIsIjIyMTgzMCJdLFsicCIsImNvbnZlcnQiLCItcmVzaXplIDMwMHgzMDBcdTAwM2UiXV0.jpg?sha=a888de5fc2201b47,
The Public Life of Art: The Museum,Andrea Fraser,(American),(Female),1989,2011-01-12,http://www.moma.org/collection/works/143766,http://www.moma.org/media/W1siZiIsIjI1NDk4MiJdLFsicCIsImNvbnZlcnQiLCItcmVzaXplIDMwMHgzMDBcdTAwM2UiXV0.jpg?sha=7055aa6b974d63ea,
Fear of Falling,Doug Hall,(American),(Male),1983,1984-09-01,http://www.moma.org/collection/works/146323,http://www.moma.org/media/W1siZiIsIjI1MDY3OCJdLFsicCIsImNvbnZlcnQiLCItcmVzaXplIDMwMHgzMDBcdTAwM2UiXV0.jpg?sha=1b3821f9f3977901,
Sounds of Glass,Doug Hall,(American),(Male),1983,1984-09-01,http://www.moma.org/collection/works/146324,http://www.moma.org/media/W1siZiIsIjI1MDY3OSJdLFsicCIsImNvbnZlcnQiLCItcmVzaXplIDMwMHgzMDBcdTAwM2UiXV0.jpg?sha=7493dcad6a2b353a,
Through the Room,Doug Hall,(American),(Male),1983,1984-09-01,http://www.moma.org/collection/works/146325,http://www.moma.org/media/W1siZiIsIjI1MDY4MCJdLFsicCIsImNvbnZlcnQiLCItcmVzaXplIDMwMHgzMDBcdTAwM2UiXV0.jpg?sha=bfc463dec49ec8e8,
Leaning forward Gracefully,Doug Hall,(American),(Male),1983,1984-09-01,http://www.moma.org/collection/works/146326,http://www.moma.org/media/W1siZiIsIjI1MDY4MSJdLFsicCIsImNvbnZlcnQiLCItcmVzaXplIDMwMHgzMDBcdTAwM2UiXV0.jpg?sha=eb336206f4095334,
These are the Rules,Doug Hall,(American),(Male),1983,1984-09-01,http://www.moma.org/collection/works/146327,http://www.moma.org/media/W1siZiIsIjI1MDY4MiJdLFsicCIsImNvbnZlcnQiLCItcmVzaXplIDMwMHgzMDBcdTAwM2UiXV0.jpg?sha=d01979cb99343fcd,
Pop-Pop Video: General Hospital/Olympic Women's Speed Skating,Dara Birnbaum,(American),(Female),1980,1980-11-18,http://www.moma.org/collection/works/146617,http://www.moma.org/media/W1siZiIsIjE1MTcyOSJdLFsicCIsImNvbnZlcnQiLCItcmVzaXplIDMwMHgzMDBcdTAwM2UiXV0.jpg?sha=276b8b90b5340228,
Pop-Pop Video: Kojak/Wang,Dara Birnbaum,(American),(Female),1980,1980-11-18,http://www.moma.org/collection/works/146618,http://www.moma.org/media/W1siZiIsIjE1MTczMCJdLFsicCIsImNvbnZlcnQiLCItcmVzaXplIDMwMHgzMDBcdTAwM2UiXV0.jpg?sha=c0ee259ef44bb6cd,
Untitled (Eels),Patty Chang,(American),(Female),1999,2011-12-13,http://www.moma.org/collection/works/154702,http://www.moma.org/media/W1siZiIsIjI1MTY2NSJdLFsicCIsImNvbnZlcnQiLCItcmVzaXplIDMwMHgzMDBcdTAwM2UiXV0.jpg?sha=8ec988bf1a1e9da3,
Pinocchio Pipenose Householddilemma,Paul McCarthy,(American),(Male),1994,2011-12-13,http://www.moma.org/collection/works/155243,,
"Desire, Inc",Lynn Hershman Leeson,(American),(Female),1990,2012-02-16,http://www.moma.org/collection/works/159761,http://www.moma.org/media/W1siZiIsIjI1MTYzOCJdLFsicCIsImNvbnZlcnQiLCItcmVzaXplIDMwMHgzMDBcdTAwM2UiXV0.jpg?sha=a9e6396037917f2c,
Seduction of a Cyborg,Lynn Hershman Leeson,(American),(Female),1994,2012-02-16,http://www.moma.org/collection/works/159762,,
The Complete Electronic Diaries,Lynn Hershman Leeson,(American),(Female),1994,2012-02-16,http://www.moma.org/collection/works/159764,http://www.moma.org/media/W1siZiIsIjI1MTY0MCJdLFsicCIsImNvbnZlcnQiLCItcmVzaXplIDMwMHgzMDBcdTAwM2UiXV0.jpg?sha=3333ef918bfd8f1f,
54 Days this Winter 36 Days this Spring for 18 Minutes,Dani Leventhal,(American),(Female),2009,2012-02-16,http://www.moma.org/collection/works/159784,http://www.moma.org/media/W1siZiIsIjI1MTY0MyJdLFsicCIsImNvbnZlcnQiLCItcmVzaXplIDMwMHgzMDBcdTAwM2UiXV0.jpg?sha=dc9544506d85bd8d,
"From the PTA, the High School, and the City of Del Mar",Martha Rosler,(American),(Female),1977,2012-02-16,http://www.moma.org/collection/works/159789,http://www.moma.org/media/W1siZiIsIjI1MTY0NiJdLFsicCIsImNvbnZlcnQiLCItcmVzaXplIDMwMHgzMDBcdTAwM2UiXV0.jpg?sha=c0f5a12d8019fac9,
Losing: A Conversation with the Parents,Martha Rosler,(American),(Female),1977,2012-02-16,http://www.moma.org/collection/works/159790,http://www.moma.org/media/W1siZiIsIjI1MTY0NyJdLFsicCIsImNvbnZlcnQiLCItcmVzaXplIDMwMHgzMDBcdTAwM2UiXV0.jpg?sha=654d063a39c7b82d,
"The East is Red, The West is Bending",Martha Rosler,(American),(Female),1977,2012-02-16,http://www.moma.org/collection/works/159791,http://www.moma.org/media/W1siZiIsIjI1MTY0OCJdLFsicCIsImNvbnZlcnQiLCItcmVzaXplIDMwMHgzMDBcdTAwM2UiXV0.jpg?sha=be3feede320b40b1,
Domination and the Everyday,Martha Rosler,(American),(Female),1978,2012-02-16,http://www.moma.org/collection/works/159793,http://www.moma.org/media/W1siZiIsIjI1NTAzMiJdLFsicCIsImNvbnZlcnQiLCItcmVzaXplIDMwMHgzMDBcdTAwM2UiXV0.jpg?sha=ecde662680dfc8cb,
Secrets from the Streets: No Disclosure,Martha Rosler,(American),(Female),1980,2012-02-16,http://www.moma.org/collection/works/159794,http://www.moma.org/media/W1siZiIsIjI1MTY1MSJdLFsicCIsImNvbnZlcnQiLCItcmVzaXplIDMwMHgzMDBcdTAwM2UiXV0.jpg?sha=1c76c77bfd79826f,
Martha Rosler Reads Vogue,Martha Rosler,(American),(Female),1981,2012-02-16,http://www.moma.org/collection/works/159795,http://www.moma.org/media/W1siZiIsIjI1NTAzMyJdLFsicCIsImNvbnZlcnQiLCItcmVzaXplIDMwMHgzMDBcdTAwM2UiXV0.jpg?sha=968dc05e6168613f,
Watchwords of the Eighties,Martha Rosler,(American),(Female),1982,2012-02-16,http://www.moma.org/collection/works/159798,http://www.moma.org/media/W1siZiIsIjI0MTM4NiJdLFsicCIsImNvbnZlcnQiLCItcmVzaXplIDMwMHgzMDBcdTAwM2UiXV0.jpg?sha=14f9780e09579582,
"A Simple Case of Torture, or How to Sleep at Night",Martha Rosler,(American),(Female),1983,2012-02-16,http://www.moma.org/collection/works/159799,http://www.moma.org/media/W1siZiIsIjI1NTAzNSJdLFsicCIsImNvbnZlcnQiLCItcmVzaXplIDMwMHgzMDBcdTAwM2UiXV0.jpg?sha=9f37e6021bdccf25,
Fascination with the (Game of the) Exploding (Historical) Hollow Leg,Martha Rosler,(American),(Female),1983,2012-02-16,http://www.moma.org/collection/works/159800,http://www.moma.org/media/W1siZiIsIjI1MTY1NSJdLFsicCIsImNvbnZlcnQiLCItcmVzaXplIDMwMHgzMDBcdTAwM2UiXV0.jpg?sha=ad4270dfccf4329d,
"If It's Too Bad to Be True, It Could Be DISINFORMATION",Martha Rosler,(American),(Female),1985,2012-02-16,http://www.moma.org/collection/works/159801,http://www.moma.org/media/W1siZiIsIjI1NTAzNiJdLFsicCIsImNvbnZlcnQiLCItcmVzaXplIDMwMHgzMDBcdTAwM2UiXV0.jpg?sha=ce9a288e34b82e12,
Seattle: Hidden Histories 1-11,Martha Rosler,(American),(Female),1999,2012-02-16,http://www.moma.org/collection/works/159805,http://www.moma.org/media/W1siZiIsIjI1NTAzOCJdLFsicCIsImNvbnZlcnQiLCItcmVzaXplIDMwMHgzMDBcdTAwM2UiXV0.jpg?sha=671e68db474ed192,
How Do We Know What Home Looks Like? The Unité d'Habitation de Le Corbusier at Firminy,Martha Rosler,(American),(Female),1993,2012-02-16,http://www.moma.org/collection/works/159806,http://www.moma.org/media/W1siZiIsIjI1NTAzOSJdLFsicCIsImNvbnZlcnQiLCItcmVzaXplIDMwMHgzMDBcdTAwM2UiXV0.jpg?sha=99084d90fa20f320,
"The Garden Spot of the World: Greenpoint, Brooklyn",Martha Rosler,(American),(Female),1993,2012-02-16,http://www.moma.org/collection/works/159807,http://www.moma.org/media/W1siZiIsIjI0MTM5NSJdLFsicCIsImNvbnZlcnQiLCItcmVzaXplIDMwMHgzMDBcdTAwM2UiXV0.jpg?sha=9dcbd97ed98fa7fb,
"Chile on the Road to NAFTA, Accompanied by the National Police Band",Martha Rosler,(American),(Female),1997,2012-02-16,http://www.moma.org/collection/works/159808,http://www.moma.org/media/W1siZiIsIjI1NTA0MCJdLFsicCIsImNvbnZlcnQiLCItcmVzaXplIDMwMHgzMDBcdTAwM2UiXV0.jpg?sha=94ee18c3325976bf,
Prototype (God Bless America),Martha Rosler,(American),(Female),2006,2012-02-16,http://www.moma.org/collection/works/159809,http://www.moma.org/media/W1siZiIsIjI1NTA0MSJdLFsicCIsImNvbnZlcnQiLCItcmVzaXplIDMwMHgzMDBcdTAwM2UiXV0.jpg?sha=ffb372663f390f18,
Semiotics of the Kitchen: An Audition,Martha Rosler,(American),(Female),2011,2012-02-16,http://www.moma.org/collection/works/159810,http://www.moma.org/media/W1siZiIsIjI1NTA0MiJdLFsicCIsImNvbnZlcnQiLCItcmVzaXplIDMwMHgzMDBcdTAwM2UiXV0.jpg?sha=16d845fe468e3e4b,
My Best Thing,Frances Stark,(American),(Female),2011,2012-02-16,http://www.moma.org/collection/works/159811,http://www.moma.org/media/W1siZiIsIjI0MTI0MiJdLFsicCIsImNvbnZlcnQiLCItcmVzaXplIDMwMHgzMDBcdTAwM2UiXV0.jpg?sha=dbd520ad2b97e0a1,
After Many a Summer Dies the Swan: Hybrid,Yvonne Rainer,(American),(Female),2002,2012-04-09,http://www.moma.org/collection/works/161099,http://www.moma.org/media/W1siZiIsIjI1NTA0OCJdLFsicCIsImNvbnZlcnQiLCItcmVzaXplIDMwMHgzMDBcdTAwM2UiXV0.jpg?sha=734a8c0af9670b9e,
Affected and/or Effected,Lawrence Weiner,(American),(Male),1974,2013-02-12,http://www.moma.org/collection/works/167258,http://www.moma.org/media/W1siZiIsIjI2MzI5NyJdLFsicCIsImNvbnZlcnQiLCItcmVzaXplIDMwMHgzMDBcdTAwM2UiXV0.jpg?sha=828d3346524037d3,
Do You Believe in Water?,Lawrence Weiner,(American),(Male),1976,2013-02-12,http://www.moma.org/collection/works/167262,http://www.moma.org/media/W1siZiIsIjI2MzMwMiJdLFsicCIsImNvbnZlcnQiLCItcmVzaXplIDMwMHgzMDBcdTAwM2UiXV0.jpg?sha=e5b7fd05fb8f7e44,
Green As Well As Blue As Well As Red,Lawrence Weiner,(American),(Male),1976,2013-02-12,http://www.moma.org/collection/works/167263,,
For Example: Decorated,Lawrence Weiner,(American),(Male),1977,2013-02-12,http://www.moma.org/collection/works/167264,http://www.moma.org/media/W1siZiIsIjI2MzMwNCJdLFsicCIsImNvbnZlcnQiLCItcmVzaXplIDMwMHgzMDBcdTAwM2UiXV0.jpg?sha=2572d79ef750be83,
Trailer for Plowman's Lunch,Lawrence Weiner,(American),(Male),1982,2013-02-12,http://www.moma.org/collection/works/167268,http://www.moma.org/media/W1siZiIsIjI2MzMwOCJdLFsicCIsImNvbnZlcnQiLCItcmVzaXplIDMwMHgzMDBcdTAwM2UiXV0.jpg?sha=14debfc9edb997f5,
Niets aan Verloren/Nothing to Lose,Lawrence Weiner,(American),(Male),1984,2013-02-12,http://www.moma.org/collection/works/167269,http://www.moma.org/media/W1siZiIsIjI2MzMwOSJdLFsicCIsImNvbnZlcnQiLCItcmVzaXplIDMwMHgzMDBcdTAwM2UiXV0.jpg?sha=0501808057978200,
There But For,Lawrence Weiner,(American),(Male),1980,2013-02-12,http://www.moma.org/collection/works/167270,http://www.moma.org/media/W1siZiIsIjI2MzMxMCJdLFsicCIsImNvbnZlcnQiLCItcmVzaXplIDMwMHgzMDBcdTAwM2UiXV0.jpg?sha=3386ce6f73a0c730,
Nothing to Lose (The Book),Lawrence Weiner,(American),(Male),2000,2013-02-12,http://www.moma.org/collection/works/167272,http://www.moma.org/media/W1siZiIsIjI2MzMxMiJdLFsicCIsImNvbnZlcnQiLCItcmVzaXplIDMwMHgzMDBcdTAwM2UiXV0.jpg?sha=0bc0f00f2d4788db,
Trailer for Mortal Sin (The Book),Lawrence Weiner,(American),(Male),2000,2013-02-12,http://www.moma.org/collection/works/167273,http://www.moma.org/media/W1siZiIsIjI2MzMxMyJdLFsicCIsImNvbnZlcnQiLCItcmVzaXplIDMwMHgzMDBcdTAwM2UiXV0.jpg?sha=9591402a69e0a369,
Eyes on the Prize: Part One of Hearts and Helicopters,Lawrence Weiner,(American),(Male),1999,2013-02-12,http://www.moma.org/collection/works/167274,http://www.moma.org/media/W1siZiIsIjI2MzMxNCJdLFsicCIsImNvbnZlcnQiLCItcmVzaXplIDMwMHgzMDBcdTAwM2UiXV0.jpg?sha=68ca917348fcc4fe,
How Far is There: Part Two of Hearts and Helicopters,Lawrence Weiner,(American),(Male),1999,2013-02-12,http://www.moma.org/collection/works/167275,http://www.moma.org/media/W1siZiIsIjI2MzMxNSJdLFsicCIsImNvbnZlcnQiLCItcmVzaXplIDMwMHgzMDBcdTAwM2UiXV0.jpg?sha=4a0fa73637bb0e43,
With a Grain of Salt: Part Three of Hearts and Helicopters,Lawrence Weiner,(American),(Male),2000,2013-02-12,http://www.moma.org/collection/works/167276,http://www.moma.org/media/W1siZiIsIjI2MzMxNiJdLFsicCIsImNvbnZlcnQiLCItcmVzaXplIDMwMHgzMDBcdTAwM2UiXV0.jpg?sha=4caafef3358de7ca,
Some Things History Don't Support,Lawrence Weiner,(American),(Male),2000,2013-02-12,http://www.moma.org/collection/works/167277,http://www.moma.org/media/W1siZiIsIjI2MzMxNyJdLFsicCIsImNvbnZlcnQiLCItcmVzaXplIDMwMHgzMDBcdTAwM2UiXV0.jpg?sha=6818272cdde80841,
Wind and the Willows - What's Our Hero To Do,Lawrence Weiner,(American),(Male),2000,2013-02-12,http://www.moma.org/collection/works/167279,http://www.moma.org/media/W1siZiIsIjI2MzMxOCJdLFsicCIsImNvbnZlcnQiLCItcmVzaXplIDMwMHgzMDBcdTAwM2UiXV0.jpg?sha=2d24059f68710673,
Blue Moon Over,Lawrence Weiner,(American),(Male),2001,2013-02-12,http://www.moma.org/collection/works/167280,,
Light Blue Sky,Lawrence Weiner,(American),(Male),2002,2013-02-12,http://www.moma.org/collection/works/167282,,
Wild Blue Yonder,Lawrence Weiner,(American),(Male),2002,2013-02-12,http://www.moma.org/collection/works/167283,,
Sink or Swim,Lawrence Weiner,(American),(Male),2003,2013-02-12,http://www.moma.org/collection/works/167284,,
Turning Some Pages,Lawrence Weiner,(American),(Male),2007,2013-02-12,http://www.moma.org/collection/works/167286,,
Water in Milk Exists,Lawrence Weiner,(American),(Male),2008,2013-02-12,http://www.moma.org/collection/works/167287,,
Lorriane O'Grady: A Portrait,Adam Pendleton,(American),(Male),2012,2014-02-10,http://www.moma.org/collection/works/179809,,
Escaped Lunatic,Steffani Jemison,(American),(Female),2011,2014-12-18,http://www.moma.org/collection/works/188575,http://www.moma.org/media/W1siZiIsIjMyMjUzMyJdLFsicCIsImNvbnZlcnQiLCItcmVzaXplIDMwMHgzMDBcdTAwM2UiXV0.jpg?sha=09d9c1c6841d0e48,
The Shape of a Right Statement,Wu Tsang,(American),(Female),2008,2014-12-18,http://www.moma.org/collection/works/188578,http://www.moma.org/media/W1siZiIsIjMxNzkyNiJdLFsicCIsImNvbnZlcnQiLCItcmVzaXplIDMwMHgzMDBcdTAwM2UiXV0.jpg?sha=8703474c3ad8b62f,
WILDNESS,Wu Tsang,(American),(Female),2012,2014-12-18,http://www.moma.org/collection/works/188579,http://www.moma.org/media/W1siZiIsIjMxNzkyNyJdLFsicCIsImNvbnZlcnQiLCItcmVzaXplIDMwMHgzMDBcdTAwM2UiXV0.jpg?sha=36edd3da97b82f63,
Maniac Chase,Steffani Jemison,(American),(Female),2009,2014-12-18,http://www.moma.org/collection/works/188581,http://www.moma.org/media/W1siZiIsIjMyMjUzNiJdLFsicCIsImNvbnZlcnQiLCItcmVzaXplIDMwMHgzMDBcdTAwM2UiXV0.jpg?sha=e0bce4af158ba037,
Personal,Steffani Jemison,(American),(Female),2014,2014-12-18,http://www.moma.org/collection/works/188587,http://www.moma.org/media/W1siZiIsIjMyMjUzOCJdLFsicCIsImNvbnZlcnQiLCItcmVzaXplIDMwMHgzMDBcdTAwM2UiXV0.jpg?sha=2f99cbf77a1f1a69,
Ex-Romance,Charles Atlas,(American),(Male),1987,2015-03-30,http://www.moma.org/collection/works/190978,http://www.moma.org/media/W1siZiIsIjMyMjYwMSJdLFsicCIsImNvbnZlcnQiLCItcmVzaXplIDMwMHgzMDBcdTAwM2UiXV0.jpg?sha=fb001adede560a0a,
From an Island Summer,Charles Atlas,(American),(Male),1984,2015-03-30,http://www.moma.org/collection/works/190980,http://www.moma.org/media/W1siZiIsIjMyMjYwMyJdLFsicCIsImNvbnZlcnQiLCItcmVzaXplIDMwMHgzMDBcdTAwM2UiXV0.jpg?sha=b415bff2643f5a08,
Hail the New Puritan,Charles Atlas,(American),(Male),1986,2015-03-30,http://www.moma.org/collection/works/190981,http://www.moma.org/media/W1siZiIsIjMyMjYwNCJdLFsicCIsImNvbnZlcnQiLCItcmVzaXplIDMwMHgzMDBcdTAwM2UiXV0.jpg?sha=ebd99dcddd9fbea2,
Parafango,Charles Atlas,(American),(Male),1984,2015-03-30,http://www.moma.org/collection/works/190982,http://www.moma.org/media/W1siZiIsIjMyMjYwNSJdLFsicCIsImNvbnZlcnQiLCItcmVzaXplIDMwMHgzMDBcdTAwM2UiXV0.jpg?sha=16fbe966843fb13b,
Spiderman,Mark Bradford,(American),(Male),2015,2016-05-02,http://www.moma.org/collection/works/202993,,
What the Heart Wants,Cécile B. Evans,(American),(Female),2016,2016-09-19,http://www.moma.org/collection/works/212956,,
Incense Sweaters & Ice,Martine Syms,(American),(),2017,2017-12-11,,,
APEX,Arthur Jafa,(American),(),2013,2017-12-11,,,
Lessons I-CLXXX,Martine Syms,(American),(),2016,2017-12-11,,,
Incense Sweaters & Ice (Installation),Martine Syms,(American),(),2017,2017-12-11,,,
